## SLURM PROLOG ###############################################################
##    Job ID : 3975327
##  Job Name : JETANOMALY-JETCLASS
##  Nodelist : gpu3006
##      CPUs : 1
##  Mem/Node : 96000 MB
## Directory : /oscar/home/lwang223/jetAnomalyDetection
##   Job Started : Tue Jul 14 03:53:51 PM EDT 2026
###############################################################################

==========================================
Job started at: Tue Jul 14 03:53:51 PM EDT 2026
Job ID: 3975327
Node: gpu3006
==========================================

GPU Information (from host):
Tue Jul 14 15:53:51 2026       
+-----------------------------------------------------------------------------------------+
| NVIDIA-SMI 575.57.08              Driver Version: 575.57.08      CUDA Version: 12.9     |
|-----------------------------------------+------------------------+----------------------+
| GPU  Name                 Persistence-M | Bus-Id          Disp.A | Volatile Uncorr. ECC |
| Fan  Temp   Perf          Pwr:Usage/Cap |           Memory-Usage | GPU-Util  Compute M. |
|                                         |                        |               MIG M. |
|=========================================+========================+======================|
|   0  NVIDIA L40S                    On  |   00000000:01:00.0 Off |                    0 |
| N/A   54C    P8             43W /  350W |      74MiB /  46068MiB |      0%      Default |
|                                         |                        |                  N/A |
+-----------------------------------------+------------------------+----------------------+
                                                                                         
+-----------------------------------------------------------------------------------------+
| Processes:                                                                              |
|  GPU   GI   CI              PID   Type   Process name                        GPU Memory |
|        ID   ID                                                               Usage      |
|=========================================================================================|
|    0   N/A  N/A          161799      G   /usr/libexec/Xorg                        64MiB |
+-----------------------------------------------------------------------------------------+

PyTorch version: 2.6.0+cu124
JetClass root: /HEP/export/home/lwang223/JetClass/JetClass/Pythia
Background labels: ['label_QCD', 'label_Hbb', 'label_Hcc', 'label_Hgg', 'label_H4q', 'label_Hqql', 'label_Zqq', 'label_Tbqq', 'label_Tbl']
Signal labels: ['label_Wqq']
Particle features: ['part_px', 'part_py', 'part_pz', 'part_energy', 'part_pt', 'log_pt_fraction', 'part_deta', 'part_dphi', 'd0_sig', 'dz_sig', 'part_charge', 'part_isChargedHadron', 'part_isNeutralHadron', 'part_isPhoton', 'part_isElectron', 'part_isMuon']
Lazy JetClass datasets ready; no full split has been loaded into RAM.
Background train ROOT shards: 900
Background val ROOT shards: 45
Signal test ROOT shards: 20
Per-event particle shape: (128, 16)
Selected SSL model: semi-sup-triplet
Model summary:
LeJEPASemiSupervisedTripletParticleTransformerRepresentation(
  (node_embedding): NodeEmbedding(
    (net): Sequential(
      (0): Linear(in_features=12, out_features=32, bias=True)
      (1): GELU(approximate='none')
      (2): LayerNorm((32,), eps=1e-05, elementwise_affine=True)
      (3): Linear(in_features=32, out_features=128, bias=True)
      (4): GELU(approximate='none')
      (5): LayerNorm((128,), eps=1e-05, elementwise_affine=True)
      (6): Linear(in_features=128, out_features=32, bias=True)
      (7): Dropout(p=0.01, inplace=False)
    )
  )
  (pairwise_bias): PairwiseAttentionBias(
    (mlp): Sequential(
      (0): RMSNorm()
      (1): Linear(in_features=4, out_features=32, bias=True)
      (2): SiLU()
      (3): Dropout(p=0.01, inplace=False)
      (4): Linear(in_features=32, out_features=32, bias=True)
      (5): SiLU()
      (6): Dropout(p=0.01, inplace=False)
      (7): Linear(in_features=32, out_features=8, bias=True)
    )
  )
  (encoder): ParticleTransformerEncoder(
    (layers): ModuleList(
      (0-3): 4 x ParticleTransformerBlock(
        (attn_norm): RMSNorm()
        (self_attn): MultiheadAttention(
          (out_proj): NonDynamicallyQuantizableLinear(in_features=32, out_features=32, bias=True)
        )
        (attn_dropout): Dropout(p=0.01, inplace=False)
        (ffn_norm): RMSNorm()
        (ffn): SwiGLUFFN(
          (fc1): Linear(in_features=32, out_features=256, bias=True)
          (act): SwiGLU()
          (fc2): Linear(in_features=128, out_features=32, bias=True)
          (dropout): Dropout(p=0.01, inplace=False)
        )
      )
    )
  )
  (cls_pooling): CLSPooling(
    (layers): ModuleList(
      (0-1): 2 x ClassAttentionBlock(
        (query_norm): LayerNorm((32,), eps=1e-05, elementwise_affine=True)
        (context_norm): LayerNorm((32,), eps=1e-05, elementwise_affine=True)
        (attn): MultiheadAttention(
          (out_proj): NonDynamicallyQuantizableLinear(in_features=32, out_features=32, bias=True)
        )
        (attn_dropout): Dropout(p=0.0, inplace=False)
        (ffn_norm): LayerNorm((32,), eps=1e-05, elementwise_affine=True)
        (ffn): Sequential(
          (0): Linear(in_features=32, out_features=128, bias=True)
          (1): GELU(approximate='none')
          (2): Dropout(p=0.0, inplace=False)
          (3): Linear(in_features=128, out_features=32, bias=True)
          (4): Dropout(p=0.0, inplace=False)
        )
      )
    )
  )
  (augmentation): MultiViewAugmentation()
  (negative_augmentation): CorruptedNegativeAugmentation()
  (loss): LeJEPASIGRegTripletClassificationLoss(
    (triplet_loss): LeJEPASIGRegTripletLoss(
      (lejepa_loss): LeJEPASIGRegLoss(
        (sigreg_loss_fn): SlicingUnivariateTest(
          (univariate_test): EppsPulley()
        )
      )
    )
  )
  (representation_head): RepresentationHead(
    (net): Sequential(
      (0): RMSNorm()
      (1): Linear(in_features=32, out_features=32, bias=True)
      (2): SiLU()
      (3): Dropout(p=0.01, inplace=False)
      (4): Linear(in_features=32, out_features=32, bias=True)
    )
  )
  (classification_head): CategoricalClassificationHead(
    (net): Sequential(
      (0): RMSNorm()
      (1): Linear(in_features=32, out_features=32, bias=True)
      (2): SiLU()
      (3): Dropout(p=0.01, inplace=False)
      (4): Linear(in_features=32, out_features=9, bias=True)
    )
  )
)
Number of trainable parameters: 107125

Epoch [1/80]
Saved new best model state_dict to plots/run-lejepa-semi-sup-triplet-jetclass-ddp-fast-wjet-longlongmult/best_model.pth
Saved last model state_dict to plots/run-lejepa-semi-sup-triplet-jetclass-ddp-fast-wjet-longlongmult/last_model.pth
Mahalanobis metrics saved to plots/run-lejepa-semi-sup-triplet-jetclass-ddp-fast-wjet-longlongmult/mahalanobis_eval/epoch_0001/mahalanobis_metrics.json
Mahalanobis AUC, QCD+Hbb+Hcc+Hgg+H4q+Hqql+Zqq+Tbqq+Tbl train vs Wqq: 0.513208
Mahalanobis AUC, QCD+Hbb+Hcc+Hgg+H4q+Hqql+Zqq+Tbqq+Tbl val vs Wqq: 0.510301
Epoch 1 train losses: {'total_loss': 9.756521622359752, 'invariant_loss': 0.5760618602753385, 'sigreg_loss': 179.2434375, 'triplet_loss': 0.09193326225597412, 'triplet_pos_distance': 0.12338679787062574, 'triplet_neg_distance': 0.4454487364689121, 'classification_loss': 2.088719194114208}
Epoch 1 val losses: {'total_loss': 3.38585862159729, 'invariant_loss': 0.6782039242982865, 'sigreg_loss': 50.49, 'triplet_loss': 0.04715836510062218, 'triplet_pos_distance': 0.13479098118841648, 'triplet_neg_distance': 0.6074259161949158, 'classification_loss': 1.7856383836269378}
Updated run summary at plots/run-lejepa-semi-sup-triplet-jetclass-ddp-fast-wjet-longlongmult/summary.json

Epoch [2/80]
Saved new best model state_dict to plots/run-lejepa-semi-sup-triplet-jetclass-ddp-fast-wjet-longlongmult/best_model.pth
Saved last model state_dict to plots/run-lejepa-semi-sup-triplet-jetclass-ddp-fast-wjet-longlongmult/last_model.pth
Mahalanobis metrics saved to plots/run-lejepa-semi-sup-triplet-jetclass-ddp-fast-wjet-longlongmult/mahalanobis_eval/epoch_0002/mahalanobis_metrics.json
Mahalanobis AUC, QCD+Hbb+Hcc+Hgg+H4q+Hqql+Zqq+Tbqq+Tbl train vs Wqq: 0.548315
Mahalanobis AUC, QCD+Hbb+Hcc+Hgg+H4q+Hqql+Zqq+Tbqq+Tbl val vs Wqq: 0.548169
Epoch 2 train losses: {'total_loss': 2.3531258846521377, 'invariant_loss': 0.5111510336846113, 'sigreg_loss': 33.71709375, 'triplet_loss': 0.0322954737348482, 'triplet_pos_distance': 0.09575594090111554, 'triplet_neg_distance': 0.7553432766348124, 'classification_loss': 1.5292498214542867}
Epoch 2 val losses: {'total_loss': 1.772746161222458, 'invariant_loss': 0.3847600394487381, 'sigreg_loss': 24.84125, 'triplet_loss': 0.030184660069644452, 'triplet_pos_distance': 0.06418818939477205, 'triplet_neg_distance': 0.9339938491582871, 'classification_loss': 1.428582569360733}
Updated run summary at plots/run-lejepa-semi-sup-triplet-jetclass-ddp-fast-wjet-longlongmult/summary.json

Epoch [3/80]
Saved new best model state_dict to plots/run-lejepa-semi-sup-triplet-jetclass-ddp-fast-wjet-longlongmult/best_model.pth
Saved last model state_dict to plots/run-lejepa-semi-sup-triplet-jetclass-ddp-fast-wjet-longlongmult/last_model.pth
Mahalanobis metrics saved to plots/run-lejepa-semi-sup-triplet-jetclass-ddp-fast-wjet-longlongmult/mahalanobis_eval/epoch_0003/mahalanobis_metrics.json
Mahalanobis AUC, QCD+Hbb+Hcc+Hgg+H4q+Hqql+Zqq+Tbqq+Tbl train vs Wqq: 0.572591
Mahalanobis AUC, QCD+Hbb+Hcc+Hgg+H4q+Hqql+Zqq+Tbqq+Tbl val vs Wqq: 0.571638
Epoch 3 train losses: {'total_loss': 1.4435382675230504, 'invariant_loss': 0.3777782809063792, 'sigreg_loss': 18.440890625, 'triplet_loss': 0.02851691085891798, 'triplet_pos_distance': 0.06513852724246681, 'triplet_neg_distance': 0.9954128037691117, 'classification_loss': 1.4085066025853157}
Epoch 3 val losses: {'total_loss': 1.236531707048416, 'invariant_loss': 0.3273939156532288, 'sigreg_loss': 15.35875, 'triplet_loss': 0.030272531397640703, 'triplet_pos_distance': 0.05125053990632296, 'triplet_neg_distance': 1.0153199154138566, 'classification_loss': 1.3818084871768952}
Updated run summary at plots/run-lejepa-semi-sup-triplet-jetclass-ddp-fast-wjet-longlongmult/summary.json

Epoch [4/80]
Saved new best model state_dict to plots/run-lejepa-semi-sup-triplet-jetclass-ddp-fast-wjet-longlongmult/best_model.pth
Saved last model state_dict to plots/run-lejepa-semi-sup-triplet-jetclass-ddp-fast-wjet-longlongmult/last_model.pth
Mahalanobis metrics saved to plots/run-lejepa-semi-sup-triplet-jetclass-ddp-fast-wjet-longlongmult/mahalanobis_eval/epoch_0004/mahalanobis_metrics.json
Mahalanobis AUC, QCD+Hbb+Hcc+Hgg+H4q+Hqql+Zqq+Tbqq+Tbl train vs Wqq: 0.513290
Mahalanobis AUC, QCD+Hbb+Hcc+Hgg+H4q+Hqql+Zqq+Tbqq+Tbl val vs Wqq: 0.511130
Epoch 4 train losses: {'total_loss': 1.0898947282880544, 'invariant_loss': 0.3314475170299411, 'sigreg_loss': 12.3661015625, 'triplet_loss': 0.025314116410911084, 'triplet_pos_distance': 0.05861108618509024, 'triplet_neg_distance': 1.102471000686288, 'classification_loss': 1.3760280232429505}
Epoch 4 val losses: {'total_loss': 0.9520251441001892, 'invariant_loss': 0.2897117125988007, 'sigreg_loss': 10.48625, 'triplet_loss': 0.024648468364030122, 'triplet_pos_distance': 0.04444852013140917, 'triplet_neg_distance': 1.1485503220558166, 'classification_loss': 1.355126416683197}
Updated run summary at plots/run-lejepa-semi-sup-triplet-jetclass-ddp-fast-wjet-longlongmult/summary.json

Epoch [5/80]
Saved new best model state_dict to plots/run-lejepa-semi-sup-triplet-jetclass-ddp-fast-wjet-longlongmult/best_model.pth
Saved last model state_dict to plots/run-lejepa-semi-sup-triplet-jetclass-ddp-fast-wjet-longlongmult/last_model.pth
Mahalanobis metrics saved to plots/run-lejepa-semi-sup-triplet-jetclass-ddp-fast-wjet-longlongmult/mahalanobis_eval/epoch_0005/mahalanobis_metrics.json
Mahalanobis AUC, QCD+Hbb+Hcc+Hgg+H4q+Hqql+Zqq+Tbqq+Tbl train vs Wqq: 0.521969
Mahalanobis AUC, QCD+Hbb+Hcc+Hgg+H4q+Hqql+Zqq+Tbqq+Tbl val vs Wqq: 0.517963
Epoch 5 train losses: {'total_loss': 0.9520989947319031, 'invariant_loss': 0.3056868614926934, 'sigreg_loss': 10.18528125, 'triplet_loss': 0.019612666159169748, 'triplet_pos_distance': 0.054651307023130355, 'triplet_neg_distance': 1.1890661674439906, 'classification_loss': 1.3519743983745576}
Epoch 5 val losses: {'total_loss': 0.9231666851043702, 'invariant_loss': 0.26704115882515905, 'sigreg_loss': 10.418125, 'triplet_loss': 0.019160321820527314, 'triplet_pos_distance': 0.040578845888376236, 'triplet_neg_distance': 1.1784286427497863, 'classification_loss': 1.3333057725429536}
Updated run summary at plots/run-lejepa-semi-sup-triplet-jetclass-ddp-fast-wjet-longlongmult/summary.json

Epoch [6/80]
Saved new best model state_dict to plots/run-lejepa-semi-sup-triplet-jetclass-ddp-fast-wjet-longlongmult/best_model.pth
Saved last model state_dict to plots/run-lejepa-semi-sup-triplet-jetclass-ddp-fast-wjet-longlongmult/last_model.pth
Mahalanobis metrics saved to plots/run-lejepa-semi-sup-triplet-jetclass-ddp-fast-wjet-longlongmult/mahalanobis_eval/epoch_0006/mahalanobis_metrics.json
Mahalanobis AUC, QCD+Hbb+Hcc+Hgg+H4q+Hqql+Zqq+Tbqq+Tbl train vs Wqq: 0.512482
Mahalanobis AUC, QCD+Hbb+Hcc+Hgg+H4q+Hqql+Zqq+Tbqq+Tbl val vs Wqq: 0.510040
Epoch 6 train losses: {'total_loss': 0.8927796508669853, 'invariant_loss': 0.2895919895917177, 'sigreg_loss': 9.368234375, 'triplet_loss': 0.014990064948098734, 'triplet_pos_distance': 0.051776160984300074, 'triplet_neg_distance': 1.2402820472717284, 'classification_loss': 1.33277024435997}
Epoch 6 val losses: {'total_loss': 0.8663463062047958, 'invariant_loss': 0.25431151866912843, 'sigreg_loss': 9.585, 'triplet_loss': 0.014345415383577347, 'triplet_pos_distance': 0.038476898204535245, 'triplet_neg_distance': 1.246789457798004, 'classification_loss': 1.3144007968902587}
Updated run summary at plots/run-lejepa-semi-sup-triplet-jetclass-ddp-fast-wjet-longlongmult/summary.json

Epoch [7/80]
Saved new best model state_dict to plots/run-lejepa-semi-sup-triplet-jetclass-ddp-fast-wjet-longlongmult/best_model.pth
Saved last model state_dict to plots/run-lejepa-semi-sup-triplet-jetclass-ddp-fast-wjet-longlongmult/last_model.pth
Mahalanobis metrics saved to plots/run-lejepa-semi-sup-triplet-jetclass-ddp-fast-wjet-longlongmult/mahalanobis_eval/epoch_0007/mahalanobis_metrics.json
Mahalanobis AUC, QCD+Hbb+Hcc+Hgg+H4q+Hqql+Zqq+Tbqq+Tbl train vs Wqq: 0.496387
Mahalanobis AUC, QCD+Hbb+Hcc+Hgg+H4q+Hqql+Zqq+Tbqq+Tbl val vs Wqq: 0.493490
Epoch 7 train losses: {'total_loss': 0.8337230903059244, 'invariant_loss': 0.2728995934054255, 'sigreg_loss': 8.5902578125, 'triplet_loss': 0.010500163966557011, 'triplet_pos_distance': 0.049246388383675364, 'triplet_neg_distance': 1.2934742450118064, 'classification_loss': 1.3027981853485107}
Epoch 7 val losses: {'total_loss': 0.8285975134372712, 'invariant_loss': 0.2305995024740696, 'sigreg_loss': 9.4209375, 'triplet_loss': 0.010190815282985568, 'triplet_pos_distance': 0.03459322512149811, 'triplet_neg_distance': 1.2619183826446534, 'classification_loss': 1.2604141402244569}
Updated run summary at plots/run-lejepa-semi-sup-triplet-jetclass-ddp-fast-wjet-longlongmult/summary.json

Epoch [8/80]
Saved new best model state_dict to plots/run-lejepa-semi-sup-triplet-jetclass-ddp-fast-wjet-longlongmult/best_model.pth
Saved last model state_dict to plots/run-lejepa-semi-sup-triplet-jetclass-ddp-fast-wjet-longlongmult/last_model.pth
Mahalanobis metrics saved to plots/run-lejepa-semi-sup-triplet-jetclass-ddp-fast-wjet-longlongmult/mahalanobis_eval/epoch_0008/mahalanobis_metrics.json
Mahalanobis AUC, QCD+Hbb+Hcc+Hgg+H4q+Hqql+Zqq+Tbqq+Tbl train vs Wqq: 0.504596
Mahalanobis AUC, QCD+Hbb+Hcc+Hgg+H4q+Hqql+Zqq+Tbqq+Tbl val vs Wqq: 0.502448
Epoch 8 train losses: {'total_loss': 0.7951845380067826, 'invariant_loss': 0.24993971428647638, 'sigreg_loss': 8.43025, 'triplet_loss': 0.007840148596966174, 'triplet_pos_distance': 0.04525055538816378, 'triplet_neg_distance': 1.3127101352512835, 'classification_loss': 1.2296519401967525}
Epoch 8 val losses: {'total_loss': 0.7489750206470489, 'invariant_loss': 0.21290941894054413, 'sigreg_loss': 8.3440625, 'triplet_loss': 0.007877828408963979, 'triplet_pos_distance': 0.03128956800326705, 'triplet_neg_distance': 1.3021938383579255, 'classification_loss': 1.1797312128543853}
Updated run summary at plots/run-lejepa-semi-sup-triplet-jetclass-ddp-fast-wjet-longlongmult/summary.json

Epoch [9/80]
Saved last model state_dict to plots/run-lejepa-semi-sup-triplet-jetclass-ddp-fast-wjet-longlongmult/last_model.pth
Mahalanobis metrics saved to plots/run-lejepa-semi-sup-triplet-jetclass-ddp-fast-wjet-longlongmult/mahalanobis_eval/epoch_0009/mahalanobis_metrics.json
Mahalanobis AUC, QCD+Hbb+Hcc+Hgg+H4q+Hqql+Zqq+Tbqq+Tbl train vs Wqq: 0.509092
Mahalanobis AUC, QCD+Hbb+Hcc+Hgg+H4q+Hqql+Zqq+Tbqq+Tbl val vs Wqq: 0.505298
Epoch 9 train losses: {'total_loss': 0.7643358304202557, 'invariant_loss': 0.23407384691014885, 'sigreg_loss': 8.2616171875, 'triplet_loss': 0.00702159074600786, 'triplet_pos_distance': 0.04271820255741477, 'triplet_neg_distance': 1.3009151759147644, 'classification_loss': 1.1648217894136905}
Epoch 9 val losses: {'total_loss': 0.7612707841396332, 'invariant_loss': 0.20160091638565064, 'sigreg_loss': 8.8984375, 'triplet_loss': 0.0071188639989122745, 'triplet_pos_distance': 0.029405141565948725, 'triplet_neg_distance': 1.2879938387870788, 'classification_loss': 1.1411421954631806}
Updated run summary at plots/run-lejepa-semi-sup-triplet-jetclass-ddp-fast-wjet-longlongmult/summary.json

Epoch [10/80]
Saved last model state_dict to plots/run-lejepa-semi-sup-triplet-jetclass-ddp-fast-wjet-longlongmult/last_model.pth
Mahalanobis metrics saved to plots/run-lejepa-semi-sup-triplet-jetclass-ddp-fast-wjet-longlongmult/mahalanobis_eval/epoch_0010/mahalanobis_metrics.json
Mahalanobis AUC, QCD+Hbb+Hcc+Hgg+H4q+Hqql+Zqq+Tbqq+Tbl train vs Wqq: 0.494692
Mahalanobis AUC, QCD+Hbb+Hcc+Hgg+H4q+Hqql+Zqq+Tbqq+Tbl val vs Wqq: 0.486725
Epoch 10 train losses: {'total_loss': 0.752373879224062, 'invariant_loss': 0.2251664532907307, 'sigreg_loss': 8.2631015625, 'triplet_loss': 0.006804696690174751, 'triplet_pos_distance': 0.04111760078184307, 'triplet_neg_distance': 1.2913697557747363, 'classification_loss': 1.1338143875151874}
Epoch 10 val losses: {'total_loss': 0.7497299927473068, 'invariant_loss': 0.19668835192918777, 'sigreg_loss': 8.715625, 'triplet_loss': 0.007186439507640898, 'triplet_pos_distance': 0.02823068268597126, 'triplet_neg_distance': 1.2784189677238464, 'classification_loss': 1.165417379140854}
Updated run summary at plots/run-lejepa-semi-sup-triplet-jetclass-ddp-fast-wjet-longlongmult/summary.json

Epoch [11/80]
Saved new best model state_dict to plots/run-lejepa-semi-sup-triplet-jetclass-ddp-fast-wjet-longlongmult/best_model.pth
Saved last model state_dict to plots/run-lejepa-semi-sup-triplet-jetclass-ddp-fast-wjet-longlongmult/last_model.pth
Mahalanobis metrics saved to plots/run-lejepa-semi-sup-triplet-jetclass-ddp-fast-wjet-longlongmult/mahalanobis_eval/epoch_0011/mahalanobis_metrics.json
Mahalanobis AUC, QCD+Hbb+Hcc+Hgg+H4q+Hqql+Zqq+Tbqq+Tbl train vs Wqq: 0.460085
Mahalanobis AUC, QCD+Hbb+Hcc+Hgg+H4q+Hqql+Zqq+Tbqq+Tbl val vs Wqq: 0.455780
Epoch 11 train losses: {'total_loss': 0.7442407520860433, 'invariant_loss': 0.21817622120678426, 'sigreg_loss': 8.2707890625, 'triplet_loss': 0.006940645689843222, 'triplet_pos_distance': 0.03970158922160044, 'triplet_neg_distance': 1.2707001395523547, 'classification_loss': 1.1183871898949147}
Epoch 11 val losses: {'total_loss': 0.7287245202064514, 'invariant_loss': 0.18886100351810456, 'sigreg_loss': 8.5425, 'triplet_loss': 0.0074125820538029075, 'triplet_pos_distance': 0.02736567910760641, 'triplet_neg_distance': 1.2465815472602844, 'classification_loss': 1.1201287192106246}
Updated run summary at plots/run-lejepa-semi-sup-triplet-jetclass-ddp-fast-wjet-longlongmult/summary.json

Epoch [12/80]
Saved new best model state_dict to plots/run-lejepa-semi-sup-triplet-jetclass-ddp-fast-wjet-longlongmult/best_model.pth
Saved last model state_dict to plots/run-lejepa-semi-sup-triplet-jetclass-ddp-fast-wjet-longlongmult/last_model.pth
Mahalanobis metrics saved to plots/run-lejepa-semi-sup-triplet-jetclass-ddp-fast-wjet-longlongmult/mahalanobis_eval/epoch_0012/mahalanobis_metrics.json
Mahalanobis AUC, QCD+Hbb+Hcc+Hgg+H4q+Hqql+Zqq+Tbqq+Tbl train vs Wqq: 0.460501
Mahalanobis AUC, QCD+Hbb+Hcc+Hgg+H4q+Hqql+Zqq+Tbqq+Tbl val vs Wqq: 0.457696
Epoch 12 train losses: {'total_loss': 0.7383757999092341, 'invariant_loss': 0.21458979376405476, 'sigreg_loss': 8.24734375, 'triplet_loss': 0.007094055237772409, 'triplet_pos_distance': 0.03906138835987076, 'triplet_neg_distance': 1.2609652956426143, 'classification_loss': 1.1071819264143705}
Epoch 12 val losses: {'total_loss': 0.6989010167121887, 'invariant_loss': 0.1797332461178303, 'sigreg_loss': 8.1796875, 'triplet_loss': 0.008297327347099781, 'triplet_pos_distance': 0.025901693552732467, 'triplet_neg_distance': 1.2532184207439423, 'classification_loss': 1.0935365325212478}
Updated run summary at plots/run-lejepa-semi-sup-triplet-jetclass-ddp-fast-wjet-longlongmult/summary.json

Epoch [13/80]
Saved last model state_dict to plots/run-lejepa-semi-sup-triplet-jetclass-ddp-fast-wjet-longlongmult/last_model.pth
Mahalanobis metrics saved to plots/run-lejepa-semi-sup-triplet-jetclass-ddp-fast-wjet-longlongmult/mahalanobis_eval/epoch_0013/mahalanobis_metrics.json
Mahalanobis AUC, QCD+Hbb+Hcc+Hgg+H4q+Hqql+Zqq+Tbqq+Tbl train vs Wqq: 0.458278
Mahalanobis AUC, QCD+Hbb+Hcc+Hgg+H4q+Hqql+Zqq+Tbqq+Tbl val vs Wqq: 0.455702
Epoch 13 train losses: {'total_loss': 0.7322161444872618, 'invariant_loss': 0.21063394285738468, 'sigreg_loss': 8.2235625, 'triplet_loss': 0.007064992290688679, 'triplet_pos_distance': 0.03843697093194351, 'triplet_neg_distance': 1.2555897966623306, 'classification_loss': 1.097013765230775}
Epoch 13 val losses: {'total_loss': 0.7216318815946579, 'invariant_loss': 0.18382929414510726, 'sigreg_loss': 8.5734375, 'triplet_loss': 0.007187995403073728, 'triplet_pos_distance': 0.027616289034485816, 'triplet_neg_distance': 1.2328612303733826, 'classification_loss': 1.0843143779039384}
Updated run summary at plots/run-lejepa-semi-sup-triplet-jetclass-ddp-fast-wjet-longlongmult/summary.json

Epoch [14/80]
Saved last model state_dict to plots/run-lejepa-semi-sup-triplet-jetclass-ddp-fast-wjet-longlongmult/last_model.pth
Mahalanobis metrics saved to plots/run-lejepa-semi-sup-triplet-jetclass-ddp-fast-wjet-longlongmult/mahalanobis_eval/epoch_0014/mahalanobis_metrics.json
Mahalanobis AUC, QCD+Hbb+Hcc+Hgg+H4q+Hqql+Zqq+Tbqq+Tbl train vs Wqq: 0.456975
Mahalanobis AUC, QCD+Hbb+Hcc+Hgg+H4q+Hqql+Zqq+Tbqq+Tbl val vs Wqq: 0.452116
Epoch 14 train losses: {'total_loss': 0.7282587715834379, 'invariant_loss': 0.20970874605327844, 'sigreg_loss': 8.1838203125, 'triplet_loss': 0.006934038726380095, 'triplet_pos_distance': 0.03826761952973902, 'triplet_neg_distance': 1.2500970187187195, 'classification_loss': 1.0866764699220657}
Epoch 14 val losses: {'total_loss': 0.7167128497362136, 'invariant_loss': 0.1806059956550598, 'sigreg_loss': 8.58, 'triplet_loss': 0.007309615737758577, 'triplet_pos_distance': 0.025737223885953425, 'triplet_neg_distance': 1.2386196970939636, 'classification_loss': 1.0633291393518447}
Updated run summary at plots/run-lejepa-semi-sup-triplet-jetclass-ddp-fast-wjet-longlongmult/summary.json

Epoch [15/80]
Saved last model state_dict to plots/run-lejepa-semi-sup-triplet-jetclass-ddp-fast-wjet-longlongmult/last_model.pth
Mahalanobis metrics saved to plots/run-lejepa-semi-sup-triplet-jetclass-ddp-fast-wjet-longlongmult/mahalanobis_eval/epoch_0015/mahalanobis_metrics.json
Mahalanobis AUC, QCD+Hbb+Hcc+Hgg+H4q+Hqql+Zqq+Tbqq+Tbl train vs Wqq: 0.432649
Mahalanobis AUC, QCD+Hbb+Hcc+Hgg+H4q+Hqql+Zqq+Tbqq+Tbl val vs Wqq: 0.425872
Epoch 15 train losses: {'total_loss': 0.720631918668747, 'invariant_loss': 0.2072621474303305, 'sigreg_loss': 8.129671875, 'triplet_loss': 0.0068748744495678695, 'triplet_pos_distance': 0.03778925566328689, 'triplet_neg_distance': 1.2407165652811527, 'classification_loss': 1.0620424753427506}
Epoch 15 val losses: {'total_loss': 0.7110264724493027, 'invariant_loss': 0.175040575414896, 'sigreg_loss': 8.6559375, 'triplet_loss': 0.007477769032120705, 'triplet_pos_distance': 0.025517171695828438, 'triplet_neg_distance': 1.1903290474414825, 'classification_loss': 1.0240608191490173}
Updated run summary at plots/run-lejepa-semi-sup-triplet-jetclass-ddp-fast-wjet-longlongmult/summary.json

Epoch [16/80]
Saved new best model state_dict to plots/run-lejepa-semi-sup-triplet-jetclass-ddp-fast-wjet-longlongmult/best_model.pth
Saved last model state_dict to plots/run-lejepa-semi-sup-triplet-jetclass-ddp-fast-wjet-longlongmult/last_model.pth
Mahalanobis metrics saved to plots/run-lejepa-semi-sup-triplet-jetclass-ddp-fast-wjet-longlongmult/mahalanobis_eval/epoch_0016/mahalanobis_metrics.json
Mahalanobis AUC, QCD+Hbb+Hcc+Hgg+H4q+Hqql+Zqq+Tbqq+Tbl train vs Wqq: 0.429016
Mahalanobis AUC, QCD+Hbb+Hcc+Hgg+H4q+Hqql+Zqq+Tbqq+Tbl val vs Wqq: 0.423707
Epoch 16 train losses: {'total_loss': 0.7151497275978327, 'invariant_loss': 0.2057106073126197, 'sigreg_loss': 8.128265625, 'triplet_loss': 0.00695428066077875, 'triplet_pos_distance': 0.0375476842187345, 'triplet_neg_distance': 1.23114869338274, 'classification_loss': 1.023598936215043}
Epoch 16 val losses: {'total_loss': 0.6986228108406067, 'invariant_loss': 0.17021197825670242, 'sigreg_loss': 8.5809375, 'triplet_loss': 0.008031035885214805, 'triplet_pos_distance': 0.02447651539929211, 'triplet_neg_distance': 1.2104106938838959, 'classification_loss': 0.9850615739822388}
Updated run summary at plots/run-lejepa-semi-sup-triplet-jetclass-ddp-fast-wjet-longlongmult/summary.json

Epoch [17/80]
Saved new best model state_dict to plots/run-lejepa-semi-sup-triplet-jetclass-ddp-fast-wjet-longlongmult/best_model.pth
Saved last model state_dict to plots/run-lejepa-semi-sup-triplet-jetclass-ddp-fast-wjet-longlongmult/last_model.pth
Mahalanobis metrics saved to plots/run-lejepa-semi-sup-triplet-jetclass-ddp-fast-wjet-longlongmult/mahalanobis_eval/epoch_0017/mahalanobis_metrics.json
Mahalanobis AUC, QCD+Hbb+Hcc+Hgg+H4q+Hqql+Zqq+Tbqq+Tbl train vs Wqq: 0.446872
Mahalanobis AUC, QCD+Hbb+Hcc+Hgg+H4q+Hqql+Zqq+Tbqq+Tbl val vs Wqq: 0.444356
Epoch 17 train losses: {'total_loss': 0.7093222354948521, 'invariant_loss': 0.20402079712972046, 'sigreg_loss': 8.111203125, 'triplet_loss': 0.006986376427696087, 'triplet_pos_distance': 0.03728707568906248, 'triplet_neg_distance': 1.2298752389252186, 'classification_loss': 0.9905982267111539}
Epoch 17 val losses: {'total_loss': 0.6795706236362458, 'invariant_loss': 0.17314705938100816, 'sigreg_loss': 8.153125, 'triplet_loss': 0.00757996934466064, 'triplet_pos_distance': 0.025689937211573123, 'triplet_neg_distance': 1.2133690679073335, 'classification_loss': 0.9800931078195572}
Updated run summary at plots/run-lejepa-semi-sup-triplet-jetclass-ddp-fast-wjet-longlongmult/summary.json

Epoch [18/80]
Saved new best model state_dict to plots/run-lejepa-semi-sup-triplet-jetclass-ddp-fast-wjet-longlongmult/best_model.pth
Saved last model state_dict to plots/run-lejepa-semi-sup-triplet-jetclass-ddp-fast-wjet-longlongmult/last_model.pth
Mahalanobis metrics saved to plots/run-lejepa-semi-sup-triplet-jetclass-ddp-fast-wjet-longlongmult/mahalanobis_eval/epoch_0018/mahalanobis_metrics.json
Mahalanobis AUC, QCD+Hbb+Hcc+Hgg+H4q+Hqql+Zqq+Tbqq+Tbl train vs Wqq: 0.421289
Mahalanobis AUC, QCD+Hbb+Hcc+Hgg+H4q+Hqql+Zqq+Tbqq+Tbl val vs Wqq: 0.417280
Epoch 18 train losses: {'total_loss': 0.7044827055037022, 'invariant_loss': 0.20256283980235457, 'sigreg_loss': 8.08396875, 'triplet_loss': 0.006882284442137461, 'triplet_pos_distance': 0.036978336394764486, 'triplet_neg_distance': 1.2274399111270904, 'classification_loss': 0.9702850337028504}
Epoch 18 val losses: {'total_loss': 0.6753170192241669, 'invariant_loss': 0.17623309299349785, 'sigreg_loss': 8.0803125, 'triplet_loss': 0.0071838224213570355, 'triplet_pos_distance': 0.026360589060932398, 'triplet_neg_distance': 1.2178088331222534, 'classification_loss': 0.9432256937026977}
Updated run summary at plots/run-lejepa-semi-sup-triplet-jetclass-ddp-fast-wjet-longlongmult/summary.json

Epoch [19/80]
Saved last model state_dict to plots/run-lejepa-semi-sup-triplet-jetclass-ddp-fast-wjet-longlongmult/last_model.pth
Mahalanobis metrics saved to plots/run-lejepa-semi-sup-triplet-jetclass-ddp-fast-wjet-longlongmult/mahalanobis_eval/epoch_0019/mahalanobis_metrics.json
Mahalanobis AUC, QCD+Hbb+Hcc+Hgg+H4q+Hqql+Zqq+Tbqq+Tbl train vs Wqq: 0.435731
Mahalanobis AUC, QCD+Hbb+Hcc+Hgg+H4q+Hqql+Zqq+Tbqq+Tbl val vs Wqq: 0.431696
Epoch 19 train losses: {'total_loss': 0.7028499109297991, 'invariant_loss': 0.2014998463205993, 'sigreg_loss': 8.098421875, 'triplet_loss': 0.006729146431083791, 'triplet_pos_distance': 0.03680918426904827, 'triplet_neg_distance': 1.233472391307354, 'classification_loss': 0.9576600765734911}
Epoch 19 val losses: {'total_loss': 0.681681649684906, 'invariant_loss': 0.17113959968090056, 'sigreg_loss': 8.3403125, 'triplet_loss': 0.007190424562431872, 'triplet_pos_distance': 0.024981027357280253, 'triplet_neg_distance': 1.2132108795642853, 'classification_loss': 0.9285034090280533}
Updated run summary at plots/run-lejepa-semi-sup-triplet-jetclass-ddp-fast-wjet-longlongmult/summary.json

Epoch [20/80]
Saved new best model state_dict to plots/run-lejepa-semi-sup-triplet-jetclass-ddp-fast-wjet-longlongmult/best_model.pth
Saved last model state_dict to plots/run-lejepa-semi-sup-triplet-jetclass-ddp-fast-wjet-longlongmult/last_model.pth
Mahalanobis metrics saved to plots/run-lejepa-semi-sup-triplet-jetclass-ddp-fast-wjet-longlongmult/mahalanobis_eval/epoch_0020/mahalanobis_metrics.json
Mahalanobis AUC, QCD+Hbb+Hcc+Hgg+H4q+Hqql+Zqq+Tbqq+Tbl train vs Wqq: 0.428202
Mahalanobis AUC, QCD+Hbb+Hcc+Hgg+H4q+Hqql+Zqq+Tbqq+Tbl val vs Wqq: 0.426036
Epoch 20 train losses: {'total_loss': 0.6990040443539619, 'invariant_loss': 0.19909506105259062, 'sigreg_loss': 8.100078125, 'triplet_loss': 0.006891183616244234, 'triplet_pos_distance': 0.036401036419440064, 'triplet_neg_distance': 1.2319486173987388, 'classification_loss': 0.9421301949471236}
Epoch 20 val losses: {'total_loss': 0.6700356125831604, 'invariant_loss': 0.1736020790040493, 'sigreg_loss': 8.1046875, 'triplet_loss': 0.007139368490315974, 'triplet_pos_distance': 0.024812727365642787, 'triplet_neg_distance': 1.2297190809249878, 'classification_loss': 0.9050474631786346}
Updated run summary at plots/run-lejepa-semi-sup-triplet-jetclass-ddp-fast-wjet-longlongmult/summary.json

Epoch [21/80]
Saved last model state_dict to plots/run-lejepa-semi-sup-triplet-jetclass-ddp-fast-wjet-longlongmult/last_model.pth
Mahalanobis metrics saved to plots/run-lejepa-semi-sup-triplet-jetclass-ddp-fast-wjet-longlongmult/mahalanobis_eval/epoch_0021/mahalanobis_metrics.json
Mahalanobis AUC, QCD+Hbb+Hcc+Hgg+H4q+Hqql+Zqq+Tbqq+Tbl train vs Wqq: 0.420516
Mahalanobis AUC, QCD+Hbb+Hcc+Hgg+H4q+Hqql+Zqq+Tbqq+Tbl val vs Wqq: 0.415206
Epoch 21 train losses: {'total_loss': 0.6942402686327696, 'invariant_loss': 0.1982108310163021, 'sigreg_loss': 8.0455859375, 'triplet_loss': 0.006801699838310015, 'triplet_pos_distance': 0.036163230009377004, 'triplet_neg_distance': 1.2323994550406934, 'classification_loss': 0.9307045081853866}
Epoch 21 val losses: {'total_loss': 0.670750145316124, 'invariant_loss': 0.16852444410324097, 'sigreg_loss': 8.2303125, 'triplet_loss': 0.007040647692047059, 'triplet_pos_distance': 0.024343365104869008, 'triplet_neg_distance': 1.2243577146530151, 'classification_loss': 0.899591383934021}
Updated run summary at plots/run-lejepa-semi-sup-triplet-jetclass-ddp-fast-wjet-longlongmult/summary.json

Epoch [22/80]
Saved last model state_dict to plots/run-lejepa-semi-sup-triplet-jetclass-ddp-fast-wjet-longlongmult/last_model.pth
Mahalanobis metrics saved to plots/run-lejepa-semi-sup-triplet-jetclass-ddp-fast-wjet-longlongmult/mahalanobis_eval/epoch_0022/mahalanobis_metrics.json
Mahalanobis AUC, QCD+Hbb+Hcc+Hgg+H4q+Hqql+Zqq+Tbqq+Tbl train vs Wqq: 0.431653
Mahalanobis AUC, QCD+Hbb+Hcc+Hgg+H4q+Hqql+Zqq+Tbqq+Tbl val vs Wqq: 0.430006
Epoch 22 train losses: {'total_loss': 0.6928875225931406, 'invariant_loss': 0.19581746063381433, 'sigreg_loss': 8.0845234375, 'triplet_loss': 0.006822871043346822, 'triplet_pos_distance': 0.035769864140078426, 'triplet_neg_distance': 1.2269025826454163, 'classification_loss': 0.9217243343293667}
Epoch 22 val losses: {'total_loss': 0.7066702383756638, 'invariant_loss': 0.17180252999067305, 'sigreg_loss': 8.8353125, 'triplet_loss': 0.007194091877900064, 'triplet_pos_distance': 0.02400161411613226, 'triplet_neg_distance': 1.1842368400096894, 'classification_loss': 0.9231235080957413}
Updated run summary at plots/run-lejepa-semi-sup-triplet-jetclass-ddp-fast-wjet-longlongmult/summary.json

Epoch [23/80]
Saved new best model state_dict to plots/run-lejepa-semi-sup-triplet-jetclass-ddp-fast-wjet-longlongmult/best_model.pth
Saved last model state_dict to plots/run-lejepa-semi-sup-triplet-jetclass-ddp-fast-wjet-longlongmult/last_model.pth
Mahalanobis metrics saved to plots/run-lejepa-semi-sup-triplet-jetclass-ddp-fast-wjet-longlongmult/mahalanobis_eval/epoch_0023/mahalanobis_metrics.json
Mahalanobis AUC, QCD+Hbb+Hcc+Hgg+H4q+Hqql+Zqq+Tbqq+Tbl train vs Wqq: 0.437321
Mahalanobis AUC, QCD+Hbb+Hcc+Hgg+H4q+Hqql+Zqq+Tbqq+Tbl val vs Wqq: 0.433687
Epoch 23 train losses: {'total_loss': 0.6878834235370159, 'invariant_loss': 0.19321090089902282, 'sigreg_loss': 8.0507890625, 'triplet_loss': 0.006903613172995393, 'triplet_pos_distance': 0.03553824440808967, 'triplet_neg_distance': 1.2250727238953114, 'classification_loss': 0.9144601986855269}
Epoch 23 val losses: {'total_loss': 0.6598955774307251, 'invariant_loss': 0.1581353586912155, 'sigreg_loss': 8.24375, 'triplet_loss': 0.007908703084103763, 'triplet_pos_distance': 0.0224458977766335, 'triplet_neg_distance': 1.1911690390110017, 'classification_loss': 0.8872325623035431}
Updated run summary at plots/run-lejepa-semi-sup-triplet-jetclass-ddp-fast-wjet-longlongmult/summary.json

Epoch [24/80]
Saved last model state_dict to plots/run-lejepa-semi-sup-triplet-jetclass-ddp-fast-wjet-longlongmult/last_model.pth
Mahalanobis metrics saved to plots/run-lejepa-semi-sup-triplet-jetclass-ddp-fast-wjet-longlongmult/mahalanobis_eval/epoch_0024/mahalanobis_metrics.json
Mahalanobis AUC, QCD+Hbb+Hcc+Hgg+H4q+Hqql+Zqq+Tbqq+Tbl train vs Wqq: 0.426363
Mahalanobis AUC, QCD+Hbb+Hcc+Hgg+H4q+Hqql+Zqq+Tbqq+Tbl val vs Wqq: 0.422278
Epoch 24 train losses: {'total_loss': 0.6856972261667251, 'invariant_loss': 0.19034440995007754, 'sigreg_loss': 8.08053125, 'triplet_loss': 0.006992076597525738, 'triplet_pos_distance': 0.03496977749327198, 'triplet_neg_distance': 1.2159404882490634, 'classification_loss': 0.9061941908150911}
Epoch 24 val losses: {'total_loss': 0.6640524971485138, 'invariant_loss': 0.15800805747509003, 'sigreg_loss': 8.37375, 'triplet_loss': 0.007532047610729933, 'triplet_pos_distance': 0.02251628545112908, 'triplet_neg_distance': 1.1905019056797028, 'classification_loss': 0.8667794579267502}
Updated run summary at plots/run-lejepa-semi-sup-triplet-jetclass-ddp-fast-wjet-longlongmult/summary.json

Epoch [25/80]
Saved last model state_dict to plots/run-lejepa-semi-sup-triplet-jetclass-ddp-fast-wjet-longlongmult/last_model.pth
Mahalanobis metrics saved to plots/run-lejepa-semi-sup-triplet-jetclass-ddp-fast-wjet-longlongmult/mahalanobis_eval/epoch_0025/mahalanobis_metrics.json
Mahalanobis AUC, QCD+Hbb+Hcc+Hgg+H4q+Hqql+Zqq+Tbqq+Tbl train vs Wqq: 0.440131
Mahalanobis AUC, QCD+Hbb+Hcc+Hgg+H4q+Hqql+Zqq+Tbqq+Tbl val vs Wqq: 0.439561
Epoch 25 train losses: {'total_loss': 0.6823328576087951, 'invariant_loss': 0.18838809943199158, 'sigreg_loss': 8.0645546875, 'triplet_loss': 0.007163456076814328, 'triplet_pos_distance': 0.03481956263817847, 'triplet_neg_distance': 1.2084288305938244, 'classification_loss': 0.9002186121344566}
Epoch 25 val losses: {'total_loss': 0.6934442901611328, 'invariant_loss': 0.15575091943144798, 'sigreg_loss': 8.9415625, 'triplet_loss': 0.008345850962214171, 'triplet_pos_distance': 0.021987570375204088, 'triplet_neg_distance': 1.151950740814209, 'classification_loss': 0.8982753401994705}
Updated run summary at plots/run-lejepa-semi-sup-triplet-jetclass-ddp-fast-wjet-longlongmult/summary.json

Epoch [26/80]
Saved last model state_dict to plots/run-lejepa-semi-sup-triplet-jetclass-ddp-fast-wjet-longlongmult/last_model.pth
Mahalanobis metrics saved to plots/run-lejepa-semi-sup-triplet-jetclass-ddp-fast-wjet-longlongmult/mahalanobis_eval/epoch_0026/mahalanobis_metrics.json
Mahalanobis AUC, QCD+Hbb+Hcc+Hgg+H4q+Hqql+Zqq+Tbqq+Tbl train vs Wqq: 0.418897
Mahalanobis AUC, QCD+Hbb+Hcc+Hgg+H4q+Hqql+Zqq+Tbqq+Tbl val vs Wqq: 0.414008
Epoch 26 train losses: {'total_loss': 0.6782449339777231, 'invariant_loss': 0.18673260627314447, 'sigreg_loss': 8.0299140625, 'triplet_loss': 0.0072387092355056665, 'triplet_pos_distance': 0.03442662080656737, 'triplet_neg_distance': 1.1926074845194816, 'classification_loss': 0.8928942342698574}
Epoch 26 val losses: {'total_loss': 0.675922983288765, 'invariant_loss': 0.1546113061904907, 'sigreg_loss': 8.6315625, 'triplet_loss': 0.007732453276403249, 'triplet_pos_distance': 0.02128426233306527, 'triplet_neg_distance': 1.1672468793392181, 'classification_loss': 0.888782753944397}
Updated run summary at plots/run-lejepa-semi-sup-triplet-jetclass-ddp-fast-wjet-longlongmult/summary.json

Epoch [27/80]
Saved new best model state_dict to plots/run-lejepa-semi-sup-triplet-jetclass-ddp-fast-wjet-longlongmult/best_model.pth
Saved last model state_dict to plots/run-lejepa-semi-sup-triplet-jetclass-ddp-fast-wjet-longlongmult/last_model.pth
Mahalanobis metrics saved to plots/run-lejepa-semi-sup-triplet-jetclass-ddp-fast-wjet-longlongmult/mahalanobis_eval/epoch_0027/mahalanobis_metrics.json
Mahalanobis AUC, QCD+Hbb+Hcc+Hgg+H4q+Hqql+Zqq+Tbqq+Tbl train vs Wqq: 0.440764
Mahalanobis AUC, QCD+Hbb+Hcc+Hgg+H4q+Hqql+Zqq+Tbqq+Tbl val vs Wqq: 0.439391
Epoch 27 train losses: {'total_loss': 0.6766856542676687, 'invariant_loss': 0.18474179852753878, 'sigreg_loss': 8.051484375, 'triplet_loss': 0.007233816060004756, 'triplet_pos_distance': 0.03421164910960942, 'triplet_neg_distance': 1.1925788299739362, 'classification_loss': 0.8865357094407081}
Epoch 27 val losses: {'total_loss': 0.6194171661138534, 'invariant_loss': 0.16216767579317093, 'sigreg_loss': 7.389375, 'triplet_loss': 0.007088641743175686, 'triplet_pos_distance': 0.0229687072802335, 'triplet_neg_distance': 1.2161864972114562, 'classification_loss': 0.870093697309494}
Updated run summary at plots/run-lejepa-semi-sup-triplet-jetclass-ddp-fast-wjet-longlongmult/summary.json

Epoch [28/80]
Saved last model state_dict to plots/run-lejepa-semi-sup-triplet-jetclass-ddp-fast-wjet-longlongmult/last_model.pth
Mahalanobis metrics saved to plots/run-lejepa-semi-sup-triplet-jetclass-ddp-fast-wjet-longlongmult/mahalanobis_eval/epoch_0028/mahalanobis_metrics.json
Mahalanobis AUC, QCD+Hbb+Hcc+Hgg+H4q+Hqql+Zqq+Tbqq+Tbl train vs Wqq: 0.467729
Mahalanobis AUC, QCD+Hbb+Hcc+Hgg+H4q+Hqql+Zqq+Tbqq+Tbl val vs Wqq: 0.465801
Epoch 28 train losses: {'total_loss': 0.6720526765286923, 'invariant_loss': 0.18359702698513866, 'sigreg_loss': 7.9931796875, 'triplet_loss': 0.007163546130352188, 'triplet_pos_distance': 0.03386121660843491, 'triplet_neg_distance': 1.1826087974309922, 'classification_loss': 0.8808157184123993}
Epoch 28 val losses: {'total_loss': 0.6558792334794998, 'invariant_loss': 0.1535270768404007, 'sigreg_loss': 8.18, 'triplet_loss': 0.00802531254477799, 'triplet_pos_distance': 0.021239061942324042, 'triplet_neg_distance': 1.1395944690704345, 'classification_loss': 0.9256524419784546}
Updated run summary at plots/run-lejepa-semi-sup-triplet-jetclass-ddp-fast-wjet-longlongmult/summary.json

Epoch [29/80]
Saved last model state_dict to plots/run-lejepa-semi-sup-triplet-jetclass-ddp-fast-wjet-longlongmult/last_model.pth
Mahalanobis metrics saved to plots/run-lejepa-semi-sup-triplet-jetclass-ddp-fast-wjet-longlongmult/mahalanobis_eval/epoch_0029/mahalanobis_metrics.json
Mahalanobis AUC, QCD+Hbb+Hcc+Hgg+H4q+Hqql+Zqq+Tbqq+Tbl train vs Wqq: 0.435489
Mahalanobis AUC, QCD+Hbb+Hcc+Hgg+H4q+Hqql+Zqq+Tbqq+Tbl val vs Wqq: 0.433762
Epoch 29 train losses: {'total_loss': 0.6681253716945649, 'invariant_loss': 0.18187874763831496, 'sigreg_loss': 7.958640625, 'triplet_loss': 0.0071608522684546184, 'triplet_pos_distance': 0.03380777208320797, 'triplet_neg_distance': 1.1833746449649334, 'classification_loss': 0.8760670189857482}
Epoch 29 val losses: {'total_loss': 0.6600516188144684, 'invariant_loss': 0.15926441296935082, 'sigreg_loss': 8.2890625, 'triplet_loss': 0.007143255593255162, 'triplet_pos_distance': 0.02261944942176342, 'triplet_neg_distance': 1.1775047290325165, 'classification_loss': 0.8569787341356278}
Updated run summary at plots/run-lejepa-semi-sup-triplet-jetclass-ddp-fast-wjet-longlongmult/summary.json

Epoch [30/80]
Saved last model state_dict to plots/run-lejepa-semi-sup-triplet-jetclass-ddp-fast-wjet-longlongmult/last_model.pth
Mahalanobis metrics saved to plots/run-lejepa-semi-sup-triplet-jetclass-ddp-fast-wjet-longlongmult/mahalanobis_eval/epoch_0030/mahalanobis_metrics.json
Mahalanobis AUC, QCD+Hbb+Hcc+Hgg+H4q+Hqql+Zqq+Tbqq+Tbl train vs Wqq: 0.439835
Mahalanobis AUC, QCD+Hbb+Hcc+Hgg+H4q+Hqql+Zqq+Tbqq+Tbl val vs Wqq: 0.434902
Epoch 30 train losses: {'total_loss': 0.6652113503217697, 'invariant_loss': 0.18014498740434648, 'sigreg_loss': 7.9496484375, 'triplet_loss': 0.007293188716284931, 'triplet_pos_distance': 0.0334286786369048, 'triplet_neg_distance': 1.1776136194169522, 'classification_loss': 0.8684582471400499}
Epoch 30 val losses: {'total_loss': 0.6441072207689286, 'invariant_loss': 0.15159383535385132, 'sigreg_loss': 8.1153125, 'triplet_loss': 0.007736776284873486, 'triplet_pos_distance': 0.021296383086591958, 'triplet_neg_distance': 1.1308409142494202, 'classification_loss': 0.8599752116203309}
Updated run summary at plots/run-lejepa-semi-sup-triplet-jetclass-ddp-fast-wjet-longlongmult/summary.json

Epoch [31/80]
Saved new best model state_dict to plots/run-lejepa-semi-sup-triplet-jetclass-ddp-fast-wjet-longlongmult/best_model.pth
Saved last model state_dict to plots/run-lejepa-semi-sup-triplet-jetclass-ddp-fast-wjet-longlongmult/last_model.pth
Mahalanobis metrics saved to plots/run-lejepa-semi-sup-triplet-jetclass-ddp-fast-wjet-longlongmult/mahalanobis_eval/epoch_0031/mahalanobis_metrics.json
Mahalanobis AUC, QCD+Hbb+Hcc+Hgg+H4q+Hqql+Zqq+Tbqq+Tbl train vs Wqq: 0.438590
Mahalanobis AUC, QCD+Hbb+Hcc+Hgg+H4q+Hqql+Zqq+Tbqq+Tbl val vs Wqq: 0.439038
Epoch 31 train losses: {'total_loss': 0.6631332988590002, 'invariant_loss': 0.17922662449628116, 'sigreg_loss': 7.931734375, 'triplet_loss': 0.007189212640980259, 'triplet_pos_distance': 0.03330233887769282, 'triplet_neg_distance': 1.1750480410158635, 'classification_loss': 0.8661010837852955}
Epoch 31 val losses: {'total_loss': 0.6163559782505036, 'invariant_loss': 0.15050620302557946, 'sigreg_loss': 7.62375, 'triplet_loss': 0.006941196615807712, 'triplet_pos_distance': 0.021284013940021395, 'triplet_neg_distance': 1.1564495956897736, 'classification_loss': 0.8400330740213394}
Updated run summary at plots/run-lejepa-semi-sup-triplet-jetclass-ddp-fast-wjet-longlongmult/summary.json

Epoch [32/80]
Saved last model state_dict to plots/run-lejepa-semi-sup-triplet-jetclass-ddp-fast-wjet-longlongmult/last_model.pth
Mahalanobis metrics saved to plots/run-lejepa-semi-sup-triplet-jetclass-ddp-fast-wjet-longlongmult/mahalanobis_eval/epoch_0032/mahalanobis_metrics.json
Mahalanobis AUC, QCD+Hbb+Hcc+Hgg+H4q+Hqql+Zqq+Tbqq+Tbl train vs Wqq: 0.470585
Mahalanobis AUC, QCD+Hbb+Hcc+Hgg+H4q+Hqql+Zqq+Tbqq+Tbl val vs Wqq: 0.469981
Epoch 32 train losses: {'total_loss': 0.6616349808871747, 'invariant_loss': 0.17884490441530942, 'sigreg_loss': 7.9206171875, 'triplet_loss': 0.007172914394643157, 'triplet_pos_distance': 0.03320092552807182, 'triplet_neg_distance': 1.1699620348513127, 'classification_loss': 0.860522684276104}
Epoch 32 val losses: {'total_loss': 0.6563954585790635, 'invariant_loss': 0.14466808199882508, 'sigreg_loss': 8.5325, 'triplet_loss': 0.007855246937833727, 'triplet_pos_distance': 0.01959508506581187, 'triplet_neg_distance': 1.1179063546657562, 'classification_loss': 0.8435981458425522}
Updated run summary at plots/run-lejepa-semi-sup-triplet-jetclass-ddp-fast-wjet-longlongmult/summary.json

Epoch [33/80]
Saved last model state_dict to plots/run-lejepa-semi-sup-triplet-jetclass-ddp-fast-wjet-longlongmult/last_model.pth
Mahalanobis metrics saved to plots/run-lejepa-semi-sup-triplet-jetclass-ddp-fast-wjet-longlongmult/mahalanobis_eval/epoch_0033/mahalanobis_metrics.json
Mahalanobis AUC, QCD+Hbb+Hcc+Hgg+H4q+Hqql+Zqq+Tbqq+Tbl train vs Wqq: 0.441587
Mahalanobis AUC, QCD+Hbb+Hcc+Hgg+H4q+Hqql+Zqq+Tbqq+Tbl val vs Wqq: 0.440647
Epoch 33 train losses: {'total_loss': 0.6572971478700638, 'invariant_loss': 0.17749322858825325, 'sigreg_loss': 7.87428125, 'triplet_loss': 0.007170184512040578, 'triplet_pos_distance': 0.033084809576626864, 'triplet_neg_distance': 1.162426332950592, 'classification_loss': 0.8538376756161451}
Epoch 33 val losses: {'total_loss': 0.6466077238321304, 'invariant_loss': 0.15189627885818482, 'sigreg_loss': 8.18875, 'triplet_loss': 0.0074085436947643754, 'triplet_pos_distance': 0.022480105003342032, 'triplet_neg_distance': 1.1631012558937073, 'classification_loss': 0.8445886945724488}
Updated run summary at plots/run-lejepa-semi-sup-triplet-jetclass-ddp-fast-wjet-longlongmult/summary.json

Epoch [34/80]
Saved last model state_dict to plots/run-lejepa-semi-sup-triplet-jetclass-ddp-fast-wjet-longlongmult/last_model.pth
Mahalanobis metrics saved to plots/run-lejepa-semi-sup-triplet-jetclass-ddp-fast-wjet-longlongmult/mahalanobis_eval/epoch_0034/mahalanobis_metrics.json
Mahalanobis AUC, QCD+Hbb+Hcc+Hgg+H4q+Hqql+Zqq+Tbqq+Tbl train vs Wqq: 0.444760
Mahalanobis AUC, QCD+Hbb+Hcc+Hgg+H4q+Hqql+Zqq+Tbqq+Tbl val vs Wqq: 0.448211
Epoch 34 train losses: {'total_loss': 0.6585102410763503, 'invariant_loss': 0.1773044208958745, 'sigreg_loss': 7.912234375, 'triplet_loss': 0.007198784099426121, 'triplet_pos_distance': 0.03291137275053188, 'triplet_neg_distance': 1.1604600264430045, 'classification_loss': 0.8488974225074053}
Epoch 34 val losses: {'total_loss': 0.6662377500534058, 'invariant_loss': 0.14809930577874184, 'sigreg_loss': 8.60875, 'triplet_loss': 0.00816827017813921, 'triplet_pos_distance': 0.021065622130408884, 'triplet_neg_distance': 1.143775418996811, 'classification_loss': 0.869505233168602}
Updated run summary at plots/run-lejepa-semi-sup-triplet-jetclass-ddp-fast-wjet-longlongmult/summary.json

Epoch [35/80]
Saved last model state_dict to plots/run-lejepa-semi-sup-triplet-jetclass-ddp-fast-wjet-longlongmult/last_model.pth
Mahalanobis metrics saved to plots/run-lejepa-semi-sup-triplet-jetclass-ddp-fast-wjet-longlongmult/mahalanobis_eval/epoch_0035/mahalanobis_metrics.json
Mahalanobis AUC, QCD+Hbb+Hcc+Hgg+H4q+Hqql+Zqq+Tbqq+Tbl train vs Wqq: 0.452096
Mahalanobis AUC, QCD+Hbb+Hcc+Hgg+H4q+Hqql+Zqq+Tbqq+Tbl val vs Wqq: 0.450334
Epoch 35 train losses: {'total_loss': 0.6548125412613154, 'invariant_loss': 0.17684781666845084, 'sigreg_loss': 7.8533203125, 'triplet_loss': 0.007014272746047936, 'triplet_pos_distance': 0.03296972525864839, 'triplet_neg_distance': 1.16437826192379, 'classification_loss': 0.8460801597833634}
Epoch 35 val losses: {'total_loss': 0.6397916519641876, 'invariant_loss': 0.14458421543240546, 'sigreg_loss': 8.2159375, 'triplet_loss': 0.007842911728657783, 'triplet_pos_distance': 0.019525462416931986, 'triplet_neg_distance': 1.1423037087917327, 'classification_loss': 0.8362235987186432}
Updated run summary at plots/run-lejepa-semi-sup-triplet-jetclass-ddp-fast-wjet-longlongmult/summary.json

Epoch [36/80]
Saved last model state_dict to plots/run-lejepa-semi-sup-triplet-jetclass-ddp-fast-wjet-longlongmult/last_model.pth
Mahalanobis metrics saved to plots/run-lejepa-semi-sup-triplet-jetclass-ddp-fast-wjet-longlongmult/mahalanobis_eval/epoch_0036/mahalanobis_metrics.json
Mahalanobis AUC, QCD+Hbb+Hcc+Hgg+H4q+Hqql+Zqq+Tbqq+Tbl train vs Wqq: 0.449433
Mahalanobis AUC, QCD+Hbb+Hcc+Hgg+H4q+Hqql+Zqq+Tbqq+Tbl val vs Wqq: 0.450894
Epoch 36 train losses: {'total_loss': 0.650343800470233, 'invariant_loss': 0.17672490691766143, 'sigreg_loss': 7.7856796875, 'triplet_loss': 0.006997275665809866, 'triplet_pos_distance': 0.032948225190397355, 'triplet_neg_distance': 1.162770062148571, 'classification_loss': 0.836432781651616}
Epoch 36 val losses: {'total_loss': 0.6341305494308471, 'invariant_loss': 0.1452510793507099, 'sigreg_loss': 8.1190625, 'triplet_loss': 0.007271566288545727, 'triplet_pos_distance': 0.0203895908780396, 'triplet_neg_distance': 1.1397829020023347, 'classification_loss': 0.8225387448072433}
Updated run summary at plots/run-lejepa-semi-sup-triplet-jetclass-ddp-fast-wjet-longlongmult/summary.json

Epoch [37/80]
Saved new best model state_dict to plots/run-lejepa-semi-sup-triplet-jetclass-ddp-fast-wjet-longlongmult/best_model.pth
Saved last model state_dict to plots/run-lejepa-semi-sup-triplet-jetclass-ddp-fast-wjet-longlongmult/last_model.pth
Mahalanobis metrics saved to plots/run-lejepa-semi-sup-triplet-jetclass-ddp-fast-wjet-longlongmult/mahalanobis_eval/epoch_0037/mahalanobis_metrics.json
Mahalanobis AUC, QCD+Hbb+Hcc+Hgg+H4q+Hqql+Zqq+Tbqq+Tbl train vs Wqq: 0.430698
Mahalanobis AUC, QCD+Hbb+Hcc+Hgg+H4q+Hqql+Zqq+Tbqq+Tbl val vs Wqq: 0.427706
Epoch 37 train losses: {'total_loss': 0.6473041797280311, 'invariant_loss': 0.1764966313764453, 'sigreg_loss': 7.734421875, 'triplet_loss': 0.006969805994071067, 'triplet_pos_distance': 0.03286905300524086, 'triplet_neg_distance': 1.1618653974533082, 'classification_loss': 0.8339327494502068}
Epoch 37 val losses: {'total_loss': 0.6035136687755585, 'invariant_loss': 0.1468975429236889, 'sigreg_loss': 7.526875, 'triplet_loss': 0.007380916927941144, 'triplet_pos_distance': 0.020808788491413, 'triplet_neg_distance': 1.1458882761001588, 'classification_loss': 0.7956944376230239}
Updated run summary at plots/run-lejepa-semi-sup-triplet-jetclass-ddp-fast-wjet-longlongmult/summary.json

Epoch [38/80]
Saved last model state_dict to plots/run-lejepa-semi-sup-triplet-jetclass-ddp-fast-wjet-longlongmult/last_model.pth
Mahalanobis metrics saved to plots/run-lejepa-semi-sup-triplet-jetclass-ddp-fast-wjet-longlongmult/mahalanobis_eval/epoch_0038/mahalanobis_metrics.json
Mahalanobis AUC, QCD+Hbb+Hcc+Hgg+H4q+Hqql+Zqq+Tbqq+Tbl train vs Wqq: 0.463010
Mahalanobis AUC, QCD+Hbb+Hcc+Hgg+H4q+Hqql+Zqq+Tbqq+Tbl val vs Wqq: 0.460016
Epoch 38 train losses: {'total_loss': 0.6476121679395437, 'invariant_loss': 0.17501419838890434, 'sigreg_loss': 7.78246875, 'triplet_loss': 0.0071976029943325555, 'triplet_pos_distance': 0.03264176155254245, 'triplet_neg_distance': 1.1558002052903176, 'classification_loss': 0.8274490134567022}
Epoch 38 val losses: {'total_loss': 0.6169406306743622, 'invariant_loss': 0.14721654132008552, 'sigreg_loss': 7.7615625, 'triplet_loss': 0.007379089188762009, 'triplet_pos_distance': 0.020885849846526982, 'triplet_neg_distance': 1.1163407778739929, 'classification_loss': 0.8084164947271347}
Updated run summary at plots/run-lejepa-semi-sup-triplet-jetclass-ddp-fast-wjet-longlongmult/summary.json

Epoch [39/80]
Saved new best model state_dict to plots/run-lejepa-semi-sup-triplet-jetclass-ddp-fast-wjet-longlongmult/best_model.pth
Saved last model state_dict to plots/run-lejepa-semi-sup-triplet-jetclass-ddp-fast-wjet-longlongmult/last_model.pth
Mahalanobis metrics saved to plots/run-lejepa-semi-sup-triplet-jetclass-ddp-fast-wjet-longlongmult/mahalanobis_eval/epoch_0039/mahalanobis_metrics.json
Mahalanobis AUC, QCD+Hbb+Hcc+Hgg+H4q+Hqql+Zqq+Tbqq+Tbl train vs Wqq: 0.463089
Mahalanobis AUC, QCD+Hbb+Hcc+Hgg+H4q+Hqql+Zqq+Tbqq+Tbl val vs Wqq: 0.464585
Epoch 39 train losses: {'total_loss': 0.6433671637773514, 'invariant_loss': 0.17472003811225295, 'sigreg_loss': 7.7147421875, 'triplet_loss': 0.007091821933921892, 'triplet_pos_distance': 0.032594082738738504, 'triplet_neg_distance': 1.1539321354925633, 'classification_loss': 0.8222260349094868}
Epoch 39 val losses: {'total_loss': 0.5905430397391319, 'invariant_loss': 0.14786388397216796, 'sigreg_loss': 7.2509375, 'triplet_loss': 0.007596312002278865, 'triplet_pos_distance': 0.02093665171414614, 'triplet_neg_distance': 1.1474292635917664, 'classification_loss': 0.7941951936483383}
Updated run summary at plots/run-lejepa-semi-sup-triplet-jetclass-ddp-fast-wjet-longlongmult/summary.json

Epoch [40/80]
Saved last model state_dict to plots/run-lejepa-semi-sup-triplet-jetclass-ddp-fast-wjet-longlongmult/last_model.pth
Mahalanobis metrics saved to plots/run-lejepa-semi-sup-triplet-jetclass-ddp-fast-wjet-longlongmult/mahalanobis_eval/epoch_0040/mahalanobis_metrics.json
Mahalanobis AUC, QCD+Hbb+Hcc+Hgg+H4q+Hqql+Zqq+Tbqq+Tbl train vs Wqq: 0.464541
Mahalanobis AUC, QCD+Hbb+Hcc+Hgg+H4q+Hqql+Zqq+Tbqq+Tbl val vs Wqq: 0.466613
Epoch 40 train losses: {'total_loss': 0.6408702146410942, 'invariant_loss': 0.1747421446815133, 'sigreg_loss': 7.677234375, 'triplet_loss': 0.0071779414392076435, 'triplet_pos_distance': 0.032797067346516995, 'triplet_neg_distance': 1.1516983316540719, 'classification_loss': 0.8156407649070024}
Epoch 40 val losses: {'total_loss': 0.6116230297088623, 'invariant_loss': 0.1421418730914593, 'sigreg_loss': 7.7740625, 'triplet_loss': 0.007807246660813689, 'triplet_pos_distance': 0.020440120026469232, 'triplet_neg_distance': 1.1449409592151643, 'classification_loss': 0.8006761223077774}
Updated run summary at plots/run-lejepa-semi-sup-triplet-jetclass-ddp-fast-wjet-longlongmult/summary.json

Epoch [41/80]
Saved last model state_dict to plots/run-lejepa-semi-sup-triplet-jetclass-ddp-fast-wjet-longlongmult/last_model.pth
Mahalanobis metrics saved to plots/run-lejepa-semi-sup-triplet-jetclass-ddp-fast-wjet-longlongmult/mahalanobis_eval/epoch_0041/mahalanobis_metrics.json
Mahalanobis AUC, QCD+Hbb+Hcc+Hgg+H4q+Hqql+Zqq+Tbqq+Tbl train vs Wqq: 0.454254
Mahalanobis AUC, QCD+Hbb+Hcc+Hgg+H4q+Hqql+Zqq+Tbqq+Tbl val vs Wqq: 0.455780
Epoch 41 train losses: {'total_loss': 0.6363995926082134, 'invariant_loss': 0.17388700946047903, 'sigreg_loss': 7.615859375, 'triplet_loss': 0.007078968876448925, 'triplet_pos_distance': 0.03252335145417601, 'triplet_neg_distance': 1.1500121415555478, 'classification_loss': 0.8102391760796308}
Epoch 41 val losses: {'total_loss': 0.5985599613189697, 'invariant_loss': 0.15358079314231873, 'sigreg_loss': 7.336875, 'triplet_loss': 0.00659854207187891, 'triplet_pos_distance': 0.021517811082303523, 'triplet_neg_distance': 1.1339969742298126, 'classification_loss': 0.7754196548461914}
Updated run summary at plots/run-lejepa-semi-sup-triplet-jetclass-ddp-fast-wjet-longlongmult/summary.json

Epoch [42/80]
Saved last model state_dict to plots/run-lejepa-semi-sup-triplet-jetclass-ddp-fast-wjet-longlongmult/last_model.pth
Mahalanobis metrics saved to plots/run-lejepa-semi-sup-triplet-jetclass-ddp-fast-wjet-longlongmult/mahalanobis_eval/epoch_0042/mahalanobis_metrics.json
Mahalanobis AUC, QCD+Hbb+Hcc+Hgg+H4q+Hqql+Zqq+Tbqq+Tbl train vs Wqq: 0.463164
Mahalanobis AUC, QCD+Hbb+Hcc+Hgg+H4q+Hqql+Zqq+Tbqq+Tbl val vs Wqq: 0.464400
Epoch 42 train losses: {'total_loss': 0.6373247247189283, 'invariant_loss': 0.17367345551401378, 'sigreg_loss': 7.6376171875, 'triplet_loss': 0.007006239656242542, 'triplet_pos_distance': 0.03263219253951684, 'triplet_neg_distance': 1.1468184182047845, 'classification_loss': 0.8107026652395726}
Epoch 42 val losses: {'total_loss': 0.6063357239961624, 'invariant_loss': 0.14486606195569038, 'sigreg_loss': 7.55375, 'triplet_loss': 0.007702834280207753, 'triplet_pos_distance': 0.019961610976606606, 'triplet_neg_distance': 1.1364106559753417, 'classification_loss': 0.8296500271558762}
Updated run summary at plots/run-lejepa-semi-sup-triplet-jetclass-ddp-fast-wjet-longlongmult/summary.json

Epoch [43/80]
Saved last model state_dict to plots/run-lejepa-semi-sup-triplet-jetclass-ddp-fast-wjet-longlongmult/last_model.pth
Mahalanobis metrics saved to plots/run-lejepa-semi-sup-triplet-jetclass-ddp-fast-wjet-longlongmult/mahalanobis_eval/epoch_0043/mahalanobis_metrics.json
Mahalanobis AUC, QCD+Hbb+Hcc+Hgg+H4q+Hqql+Zqq+Tbqq+Tbl train vs Wqq: 0.451828
Mahalanobis AUC, QCD+Hbb+Hcc+Hgg+H4q+Hqql+Zqq+Tbqq+Tbl val vs Wqq: 0.452778
Epoch 43 train losses: {'total_loss': 0.6323458699434996, 'invariant_loss': 0.17312395788356663, 'sigreg_loss': 7.55940625, 'triplet_loss': 0.0070189127183984965, 'triplet_pos_distance': 0.032488991328980775, 'triplet_neg_distance': 1.1487507927417755, 'classification_loss': 0.8054686854630708}
Epoch 43 val losses: {'total_loss': 0.6044910663366317, 'invariant_loss': 0.1448892655968666, 'sigreg_loss': 7.61, 'triplet_loss': 0.006938754166476428, 'triplet_pos_distance': 0.02058893329463899, 'triplet_neg_distance': 1.1198977196216584, 'classification_loss': 0.7838058251142502}
Updated run summary at plots/run-lejepa-semi-sup-triplet-jetclass-ddp-fast-wjet-longlongmult/summary.json

Epoch [44/80]
Saved last model state_dict to plots/run-lejepa-semi-sup-triplet-jetclass-ddp-fast-wjet-longlongmult/last_model.pth
Mahalanobis metrics saved to plots/run-lejepa-semi-sup-triplet-jetclass-ddp-fast-wjet-longlongmult/mahalanobis_eval/epoch_0044/mahalanobis_metrics.json
Mahalanobis AUC, QCD+Hbb+Hcc+Hgg+H4q+Hqql+Zqq+Tbqq+Tbl train vs Wqq: 0.447301
Mahalanobis AUC, QCD+Hbb+Hcc+Hgg+H4q+Hqql+Zqq+Tbqq+Tbl val vs Wqq: 0.449140
Epoch 44 train losses: {'total_loss': 0.6319653656035662, 'invariant_loss': 0.17321282429248094, 'sigreg_loss': 7.556671875, 'triplet_loss': 0.006919814075692557, 'triplet_pos_distance': 0.032497427873313424, 'triplet_neg_distance': 1.1457491338551045, 'classification_loss': 0.8022681256234646}
Epoch 44 val losses: {'total_loss': 0.6297338318824768, 'invariant_loss': 0.14626187428832055, 'sigreg_loss': 8.100625, 'triplet_loss': 0.006904309401288628, 'triplet_pos_distance': 0.020489874854683877, 'triplet_neg_distance': 1.1421994578838348, 'classification_loss': 0.7770340144634247}
Updated run summary at plots/run-lejepa-semi-sup-triplet-jetclass-ddp-fast-wjet-longlongmult/summary.json

Epoch [45/80]
Saved last model state_dict to plots/run-lejepa-semi-sup-triplet-jetclass-ddp-fast-wjet-longlongmult/last_model.pth
Mahalanobis metrics saved to plots/run-lejepa-semi-sup-triplet-jetclass-ddp-fast-wjet-longlongmult/mahalanobis_eval/epoch_0045/mahalanobis_metrics.json
Mahalanobis AUC, QCD+Hbb+Hcc+Hgg+H4q+Hqql+Zqq+Tbqq+Tbl train vs Wqq: 0.471025
Mahalanobis AUC, QCD+Hbb+Hcc+Hgg+H4q+Hqql+Zqq+Tbqq+Tbl val vs Wqq: 0.468516
Epoch 45 train losses: {'total_loss': 0.6287934607416391, 'invariant_loss': 0.17289237409085034, 'sigreg_loss': 7.5080546875, 'triplet_loss': 0.006884770256991033, 'triplet_pos_distance': 0.0323495140443556, 'triplet_neg_distance': 1.1407275785803794, 'classification_loss': 0.7981904755234719}
Epoch 45 val losses: {'total_loss': 0.6448893111944198, 'invariant_loss': 0.14512899711728097, 'sigreg_loss': 8.3746875, 'triplet_loss': 0.007405868251807988, 'triplet_pos_distance': 0.020553813027217985, 'triplet_neg_distance': 1.12853236079216, 'classification_loss': 0.8028925806283951}
Updated run summary at plots/run-lejepa-semi-sup-triplet-jetclass-ddp-fast-wjet-longlongmult/summary.json

Epoch [46/80]
Saved last model state_dict to plots/run-lejepa-semi-sup-triplet-jetclass-ddp-fast-wjet-longlongmult/last_model.pth
Mahalanobis metrics saved to plots/run-lejepa-semi-sup-triplet-jetclass-ddp-fast-wjet-longlongmult/mahalanobis_eval/epoch_0046/mahalanobis_metrics.json
Mahalanobis AUC, QCD+Hbb+Hcc+Hgg+H4q+Hqql+Zqq+Tbqq+Tbl train vs Wqq: 0.468221
Mahalanobis AUC, QCD+Hbb+Hcc+Hgg+H4q+Hqql+Zqq+Tbqq+Tbl val vs Wqq: 0.466483
Epoch 46 train losses: {'total_loss': 0.626702913761139, 'invariant_loss': 0.1725141111575067, 'sigreg_loss': 7.47803125, 'triplet_loss': 0.006974535757617559, 'triplet_pos_distance': 0.032415718387812376, 'triplet_neg_distance': 1.1402123863101006, 'classification_loss': 0.7959095085561275}
Epoch 46 val losses: {'total_loss': 0.6051970088481903, 'invariant_loss': 0.14901495307683946, 'sigreg_loss': 7.5809375, 'triplet_loss': 0.007131144083105028, 'triplet_pos_distance': 0.021085257586091758, 'triplet_neg_distance': 1.135226891040802, 'classification_loss': 0.7642597037553788}
Updated run summary at plots/run-lejepa-semi-sup-triplet-jetclass-ddp-fast-wjet-longlongmult/summary.json

Epoch [47/80]
Saved last model state_dict to plots/run-lejepa-semi-sup-triplet-jetclass-ddp-fast-wjet-longlongmult/last_model.pth
Mahalanobis metrics saved to plots/run-lejepa-semi-sup-triplet-jetclass-ddp-fast-wjet-longlongmult/mahalanobis_eval/epoch_0047/mahalanobis_metrics.json
Mahalanobis AUC, QCD+Hbb+Hcc+Hgg+H4q+Hqql+Zqq+Tbqq+Tbl train vs Wqq: 0.443205
Mahalanobis AUC, QCD+Hbb+Hcc+Hgg+H4q+Hqql+Zqq+Tbqq+Tbl val vs Wqq: 0.442219
Epoch 47 train losses: {'total_loss': 0.6235967337489128, 'invariant_loss': 0.1716682634986937, 'sigreg_loss': 7.4413515625, 'triplet_loss': 0.006999799692130182, 'triplet_pos_distance': 0.032253485010005536, 'triplet_neg_distance': 1.1326949924230576, 'classification_loss': 0.7915719416737557}
Epoch 47 val losses: {'total_loss': 0.5974723118543624, 'invariant_loss': 0.14115458279848098, 'sigreg_loss': 7.591875, 'triplet_loss': 0.007265799813903868, 'triplet_pos_distance': 0.01952240977436304, 'triplet_neg_distance': 1.1143605923652649, 'classification_loss': 0.7598177134990692}
Updated run summary at plots/run-lejepa-semi-sup-triplet-jetclass-ddp-fast-wjet-longlongmult/summary.json

Epoch [48/80]
Saved last model state_dict to plots/run-lejepa-semi-sup-triplet-jetclass-ddp-fast-wjet-longlongmult/last_model.pth
Mahalanobis metrics saved to plots/run-lejepa-semi-sup-triplet-jetclass-ddp-fast-wjet-longlongmult/mahalanobis_eval/epoch_0048/mahalanobis_metrics.json
Mahalanobis AUC, QCD+Hbb+Hcc+Hgg+H4q+Hqql+Zqq+Tbqq+Tbl train vs Wqq: 0.457363
Mahalanobis AUC, QCD+Hbb+Hcc+Hgg+H4q+Hqql+Zqq+Tbqq+Tbl val vs Wqq: 0.457811
Epoch 48 train losses: {'total_loss': 0.6215434349551797, 'invariant_loss': 0.17169932240620256, 'sigreg_loss': 7.4045859375, 'triplet_loss': 0.006842056384019088, 'triplet_pos_distance': 0.032341784704476594, 'triplet_neg_distance': 1.1385049794912339, 'classification_loss': 0.7892698945254087}
Epoch 48 val losses: {'total_loss': 0.5974189031124115, 'invariant_loss': 0.14434476047754288, 'sigreg_loss': 7.5046875, 'triplet_loss': 0.007064603571780026, 'triplet_pos_distance': 0.019948225133121014, 'triplet_neg_distance': 1.1269930922985076, 'classification_loss': 0.771137757897377}
Updated run summary at plots/run-lejepa-semi-sup-triplet-jetclass-ddp-fast-wjet-longlongmult/summary.json

Epoch [49/80]
Saved last model state_dict to plots/run-lejepa-semi-sup-triplet-jetclass-ddp-fast-wjet-longlongmult/last_model.pth
Mahalanobis metrics saved to plots/run-lejepa-semi-sup-triplet-jetclass-ddp-fast-wjet-longlongmult/mahalanobis_eval/epoch_0049/mahalanobis_metrics.json
Mahalanobis AUC, QCD+Hbb+Hcc+Hgg+H4q+Hqql+Zqq+Tbqq+Tbl train vs Wqq: 0.481855
Mahalanobis AUC, QCD+Hbb+Hcc+Hgg+H4q+Hqql+Zqq+Tbqq+Tbl val vs Wqq: 0.480059
Epoch 49 train losses: {'total_loss': 0.6185892407223582, 'invariant_loss': 0.1711849456243217, 'sigreg_loss': 7.3625703125, 'triplet_loss': 0.006806196649558842, 'triplet_pos_distance': 0.032189341815188524, 'triplet_neg_distance': 1.1384402919709682, 'classification_loss': 0.785974477738142}
Epoch 49 val losses: {'total_loss': 0.5917741361260415, 'invariant_loss': 0.13791961498558522, 'sigreg_loss': 7.53375, 'triplet_loss': 0.00755336167756468, 'triplet_pos_distance': 0.01883161283098161, 'triplet_neg_distance': 1.1068317651748658, 'classification_loss': 0.7643902826309205}
Updated run summary at plots/run-lejepa-semi-sup-triplet-jetclass-ddp-fast-wjet-longlongmult/summary.json

Epoch [50/80]
Saved last model state_dict to plots/run-lejepa-semi-sup-triplet-jetclass-ddp-fast-wjet-longlongmult/last_model.pth
Mahalanobis metrics saved to plots/run-lejepa-semi-sup-triplet-jetclass-ddp-fast-wjet-longlongmult/mahalanobis_eval/epoch_0050/mahalanobis_metrics.json
Mahalanobis AUC, QCD+Hbb+Hcc+Hgg+H4q+Hqql+Zqq+Tbqq+Tbl train vs Wqq: 0.451454
Mahalanobis AUC, QCD+Hbb+Hcc+Hgg+H4q+Hqql+Zqq+Tbqq+Tbl val vs Wqq: 0.451358
Epoch 50 train losses: {'total_loss': 0.6151899396628141, 'invariant_loss': 0.17117523277923466, 'sigreg_loss': 7.29940625, 'triplet_loss': 0.006816581804247108, 'triplet_pos_distance': 0.032122513071168216, 'triplet_neg_distance': 1.138667247414589, 'classification_loss': 0.78373325496912}
Epoch 50 val losses: {'total_loss': 0.6172510612010956, 'invariant_loss': 0.13890717409551143, 'sigreg_loss': 8.005, 'triplet_loss': 0.0075668496964499355, 'triplet_pos_distance': 0.01873537851497531, 'triplet_neg_distance': 1.0842249250411988, 'classification_loss': 0.7733329850435257}
Updated run summary at plots/run-lejepa-semi-sup-triplet-jetclass-ddp-fast-wjet-longlongmult/summary.json

Epoch [51/80]
Saved new best model state_dict to plots/run-lejepa-semi-sup-triplet-jetclass-ddp-fast-wjet-longlongmult/best_model.pth
Saved last model state_dict to plots/run-lejepa-semi-sup-triplet-jetclass-ddp-fast-wjet-longlongmult/last_model.pth
Mahalanobis metrics saved to plots/run-lejepa-semi-sup-triplet-jetclass-ddp-fast-wjet-longlongmult/mahalanobis_eval/epoch_0051/mahalanobis_metrics.json
Mahalanobis AUC, QCD+Hbb+Hcc+Hgg+H4q+Hqql+Zqq+Tbqq+Tbl train vs Wqq: 0.435271
Mahalanobis AUC, QCD+Hbb+Hcc+Hgg+H4q+Hqql+Zqq+Tbqq+Tbl val vs Wqq: 0.434134
Epoch 51 train losses: {'total_loss': 0.6124231625795364, 'invariant_loss': 0.17036737149208783, 'sigreg_loss': 7.2708203125, 'triplet_loss': 0.006992133032530546, 'triplet_pos_distance': 0.032130839249584826, 'triplet_neg_distance': 1.1310680403411388, 'classification_loss': 0.7781213831454515}
Epoch 51 val losses: {'total_loss': 0.5821582761406898, 'invariant_loss': 0.137189145386219, 'sigreg_loss': 7.381875, 'triplet_loss': 0.007221072684042156, 'triplet_pos_distance': 0.0189280142262578, 'triplet_neg_distance': 1.1199535751342773, 'classification_loss': 0.7512592911720276}
Updated run summary at plots/run-lejepa-semi-sup-triplet-jetclass-ddp-fast-wjet-longlongmult/summary.json

Epoch [52/80]
Saved last model state_dict to plots/run-lejepa-semi-sup-triplet-jetclass-ddp-fast-wjet-longlongmult/last_model.pth
Mahalanobis metrics saved to plots/run-lejepa-semi-sup-triplet-jetclass-ddp-fast-wjet-longlongmult/mahalanobis_eval/epoch_0052/mahalanobis_metrics.json
Mahalanobis AUC, QCD+Hbb+Hcc+Hgg+H4q+Hqql+Zqq+Tbqq+Tbl train vs Wqq: 0.452048
Mahalanobis AUC, QCD+Hbb+Hcc+Hgg+H4q+Hqql+Zqq+Tbqq+Tbl val vs Wqq: 0.449788
Epoch 52 train losses: {'total_loss': 0.6098298741728068, 'invariant_loss': 0.16998081098496914, 'sigreg_loss': 7.2287890625, 'triplet_loss': 0.006832534593821038, 'triplet_pos_distance': 0.03199971842486411, 'triplet_neg_distance': 1.1357019574642182, 'classification_loss': 0.7773562837839126}
Epoch 52 val losses: {'total_loss': 0.6014673694968223, 'invariant_loss': 0.13198049210011958, 'sigreg_loss': 7.8846875, 'triplet_loss': 0.007931788936257362, 'triplet_pos_distance': 0.017980735283344984, 'triplet_neg_distance': 1.0897409760951995, 'classification_loss': 0.7437728983163834}
Updated run summary at plots/run-lejepa-semi-sup-triplet-jetclass-ddp-fast-wjet-longlongmult/summary.json

Epoch [53/80]
Saved last model state_dict to plots/run-lejepa-semi-sup-triplet-jetclass-ddp-fast-wjet-longlongmult/last_model.pth
Mahalanobis metrics saved to plots/run-lejepa-semi-sup-triplet-jetclass-ddp-fast-wjet-longlongmult/mahalanobis_eval/epoch_0053/mahalanobis_metrics.json
Mahalanobis AUC, QCD+Hbb+Hcc+Hgg+H4q+Hqql+Zqq+Tbqq+Tbl train vs Wqq: 0.432531
Mahalanobis AUC, QCD+Hbb+Hcc+Hgg+H4q+Hqql+Zqq+Tbqq+Tbl val vs Wqq: 0.429714
Epoch 53 train losses: {'total_loss': 0.6064800429716706, 'invariant_loss': 0.16921504089236258, 'sigreg_loss': 7.18425, 'triplet_loss': 0.006908231669745873, 'triplet_pos_distance': 0.03199377115489915, 'triplet_neg_distance': 1.1305038826167584, 'classification_loss': 0.7736665407121182}
Epoch 53 val losses: {'total_loss': 0.5854036992788315, 'invariant_loss': 0.1418672001361847, 'sigreg_loss': 7.34375, 'triplet_loss': 0.007231039293110371, 'triplet_pos_distance': 0.019686624482274054, 'triplet_neg_distance': 1.1217968165874481, 'classification_loss': 0.7562589049339294}
Updated run summary at plots/run-lejepa-semi-sup-triplet-jetclass-ddp-fast-wjet-longlongmult/summary.json

Epoch [54/80]
Saved last model state_dict to plots/run-lejepa-semi-sup-triplet-jetclass-ddp-fast-wjet-longlongmult/last_model.pth
Mahalanobis metrics saved to plots/run-lejepa-semi-sup-triplet-jetclass-ddp-fast-wjet-longlongmult/mahalanobis_eval/epoch_0054/mahalanobis_metrics.json
Mahalanobis AUC, QCD+Hbb+Hcc+Hgg+H4q+Hqql+Zqq+Tbqq+Tbl train vs Wqq: 0.450636
Mahalanobis AUC, QCD+Hbb+Hcc+Hgg+H4q+Hqql+Zqq+Tbqq+Tbl val vs Wqq: 0.446466
Epoch 54 train losses: {'total_loss': 0.6033053492382169, 'invariant_loss': 0.16926910733431577, 'sigreg_loss': 7.13084375, 'triplet_loss': 0.006715367897355463, 'triplet_pos_distance': 0.03207889741566032, 'triplet_neg_distance': 1.1269982467591761, 'classification_loss': 0.7683271766006946}
Epoch 54 val losses: {'total_loss': 0.5935121551156044, 'invariant_loss': 0.13894008733332158, 'sigreg_loss': 7.5671875, 'triplet_loss': 0.007227148818783462, 'triplet_pos_distance': 0.019504640558734535, 'triplet_neg_distance': 1.101089518070221, 'classification_loss': 0.7543138557672501}
Updated run summary at plots/run-lejepa-semi-sup-triplet-jetclass-ddp-fast-wjet-longlongmult/summary.json

Epoch [55/80]
Saved new best model state_dict to plots/run-lejepa-semi-sup-triplet-jetclass-ddp-fast-wjet-longlongmult/best_model.pth
Saved last model state_dict to plots/run-lejepa-semi-sup-triplet-jetclass-ddp-fast-wjet-longlongmult/last_model.pth
Mahalanobis metrics saved to plots/run-lejepa-semi-sup-triplet-jetclass-ddp-fast-wjet-longlongmult/mahalanobis_eval/epoch_0055/mahalanobis_metrics.json
Mahalanobis AUC, QCD+Hbb+Hcc+Hgg+H4q+Hqql+Zqq+Tbqq+Tbl train vs Wqq: 0.469501
Mahalanobis AUC, QCD+Hbb+Hcc+Hgg+H4q+Hqql+Zqq+Tbqq+Tbl val vs Wqq: 0.469612
Epoch 55 train losses: {'total_loss': 0.6018139280602336, 'invariant_loss': 0.16866865423321725, 'sigreg_loss': 7.1159140625, 'triplet_loss': 0.006820362734841183, 'triplet_pos_distance': 0.031907513454090805, 'triplet_neg_distance': 1.1227004279494286, 'classification_loss': 0.7667758744508028}
Epoch 55 val losses: {'total_loss': 0.5636383873224259, 'invariant_loss': 0.13847545817494392, 'sigreg_loss': 6.9965625, 'triplet_loss': 0.0072057984909042715, 'triplet_pos_distance': 0.018906079521402715, 'triplet_neg_distance': 1.1048584008216857, 'classification_loss': 0.7461813050508499}
Updated run summary at plots/run-lejepa-semi-sup-triplet-jetclass-ddp-fast-wjet-longlongmult/summary.json

Epoch [56/80]
Saved last model state_dict to plots/run-lejepa-semi-sup-triplet-jetclass-ddp-fast-wjet-longlongmult/last_model.pth
Mahalanobis metrics saved to plots/run-lejepa-semi-sup-triplet-jetclass-ddp-fast-wjet-longlongmult/mahalanobis_eval/epoch_0056/mahalanobis_metrics.json
Mahalanobis AUC, QCD+Hbb+Hcc+Hgg+H4q+Hqql+Zqq+Tbqq+Tbl train vs Wqq: 0.455666
Mahalanobis AUC, QCD+Hbb+Hcc+Hgg+H4q+Hqql+Zqq+Tbqq+Tbl val vs Wqq: 0.454018
Epoch 56 train losses: {'total_loss': 0.5993011862561106, 'invariant_loss': 0.16861722224578263, 'sigreg_loss': 7.077078125, 'triplet_loss': 0.0067682797851157375, 'triplet_pos_distance': 0.03194930698163807, 'triplet_neg_distance': 1.1191648193001746, 'classification_loss': 0.761536151573062}
Epoch 56 val losses: {'total_loss': 0.5798840248584747, 'invariant_loss': 0.1381799889355898, 'sigreg_loss': 7.2928125, 'triplet_loss': 0.007003219551406801, 'triplet_pos_distance': 0.01895458923652768, 'triplet_neg_distance': 1.1171202981472015, 'classification_loss': 0.7635527443885803}
Updated run summary at plots/run-lejepa-semi-sup-triplet-jetclass-ddp-fast-wjet-longlongmult/summary.json

Epoch [57/80]
Saved last model state_dict to plots/run-lejepa-semi-sup-triplet-jetclass-ddp-fast-wjet-longlongmult/last_model.pth
Mahalanobis metrics saved to plots/run-lejepa-semi-sup-triplet-jetclass-ddp-fast-wjet-longlongmult/mahalanobis_eval/epoch_0057/mahalanobis_metrics.json
Mahalanobis AUC, QCD+Hbb+Hcc+Hgg+H4q+Hqql+Zqq+Tbqq+Tbl train vs Wqq: 0.471166
Mahalanobis AUC, QCD+Hbb+Hcc+Hgg+H4q+Hqql+Zqq+Tbqq+Tbl val vs Wqq: 0.470841
Epoch 57 train losses: {'total_loss': 0.5940782388299704, 'invariant_loss': 0.16718000574037434, 'sigreg_loss': 7.0053984375, 'triplet_loss': 0.0066499866665690206, 'triplet_pos_distance': 0.0316519841151312, 'triplet_neg_distance': 1.1186557112038136, 'classification_loss': 0.7595124717503786}
Epoch 57 val losses: {'total_loss': 0.5894356539845467, 'invariant_loss': 0.13324765875935554, 'sigreg_loss': 7.623125, 'triplet_loss': 0.007610832871869207, 'triplet_pos_distance': 0.018339750152081252, 'triplet_neg_distance': 1.082300798892975, 'classification_loss': 0.7425503349304199}
Updated run summary at plots/run-lejepa-semi-sup-triplet-jetclass-ddp-fast-wjet-longlongmult/summary.json

Epoch [58/80]
Saved last model state_dict to plots/run-lejepa-semi-sup-triplet-jetclass-ddp-fast-wjet-longlongmult/last_model.pth
Mahalanobis metrics saved to plots/run-lejepa-semi-sup-triplet-jetclass-ddp-fast-wjet-longlongmult/mahalanobis_eval/epoch_0058/mahalanobis_metrics.json
Mahalanobis AUC, QCD+Hbb+Hcc+Hgg+H4q+Hqql+Zqq+Tbqq+Tbl train vs Wqq: 0.466786
Mahalanobis AUC, QCD+Hbb+Hcc+Hgg+H4q+Hqql+Zqq+Tbqq+Tbl val vs Wqq: 0.466962
Epoch 58 train losses: {'total_loss': 0.5933975264430046, 'invariant_loss': 0.16659626667574048, 'sigreg_loss': 7.010796875, 'triplet_loss': 0.0066490223880391565, 'triplet_pos_distance': 0.03152737707085908, 'triplet_neg_distance': 1.1174670943915843, 'classification_loss': 0.7560632391273976}
Epoch 58 val losses: {'total_loss': 0.5743724292516709, 'invariant_loss': 0.1404222386330366, 'sigreg_loss': 7.191875, 'triplet_loss': 0.006774540017358959, 'triplet_pos_distance': 0.019685856932774186, 'triplet_neg_distance': 1.0996366703510285, 'classification_loss': 0.7378054738044739}
Updated run summary at plots/run-lejepa-semi-sup-triplet-jetclass-ddp-fast-wjet-longlongmult/summary.json

Epoch [59/80]
Saved last model state_dict to plots/run-lejepa-semi-sup-triplet-jetclass-ddp-fast-wjet-longlongmult/last_model.pth
Mahalanobis metrics saved to plots/run-lejepa-semi-sup-triplet-jetclass-ddp-fast-wjet-longlongmult/mahalanobis_eval/epoch_0059/mahalanobis_metrics.json
Mahalanobis AUC, QCD+Hbb+Hcc+Hgg+H4q+Hqql+Zqq+Tbqq+Tbl train vs Wqq: 0.470972
Mahalanobis AUC, QCD+Hbb+Hcc+Hgg+H4q+Hqql+Zqq+Tbqq+Tbl val vs Wqq: 0.466233
Epoch 59 train losses: {'total_loss': 0.589029771655798, 'invariant_loss': 0.16641595127806066, 'sigreg_loss': 6.93340625, 'triplet_loss': 0.006665849013428669, 'triplet_pos_distance': 0.03159265778120607, 'triplet_neg_distance': 1.1157219258844853, 'classification_loss': 0.7527511141449214}
Epoch 59 val losses: {'total_loss': 0.5700597071647644, 'invariant_loss': 0.13085903987288475, 'sigreg_loss': 7.2859375, 'triplet_loss': 0.007593193552456796, 'triplet_pos_distance': 0.01778946784324944, 'triplet_neg_distance': 1.0894111979007721, 'classification_loss': 0.7426165729761124}
Updated run summary at plots/run-lejepa-semi-sup-triplet-jetclass-ddp-fast-wjet-longlongmult/summary.json

Epoch [60/80]
Saved last model state_dict to plots/run-lejepa-semi-sup-triplet-jetclass-ddp-fast-wjet-longlongmult/last_model.pth
Mahalanobis metrics saved to plots/run-lejepa-semi-sup-triplet-jetclass-ddp-fast-wjet-longlongmult/mahalanobis_eval/epoch_0060/mahalanobis_metrics.json
Mahalanobis AUC, QCD+Hbb+Hcc+Hgg+H4q+Hqql+Zqq+Tbqq+Tbl train vs Wqq: 0.483625
Mahalanobis AUC, QCD+Hbb+Hcc+Hgg+H4q+Hqql+Zqq+Tbqq+Tbl val vs Wqq: 0.482516
Epoch 60 train losses: {'total_loss': 0.5868840012922883, 'invariant_loss': 0.16653470050171018, 'sigreg_loss': 6.8979921875, 'triplet_loss': 0.006593955269898288, 'triplet_pos_distance': 0.03164997523650527, 'triplet_neg_distance': 1.1112200411260127, 'classification_loss': 0.7479390459507704}
Epoch 60 val losses: {'total_loss': 0.5688553017377853, 'invariant_loss': 0.13765002779662608, 'sigreg_loss': 7.153125, 'triplet_loss': 0.006865269024856389, 'triplet_pos_distance': 0.01940619041211903, 'triplet_neg_distance': 1.093172471523285, 'classification_loss': 0.7284296262264252}
Updated run summary at plots/run-lejepa-semi-sup-triplet-jetclass-ddp-fast-wjet-longlongmult/summary.json

Epoch [61/80]
Saved last model state_dict to plots/run-lejepa-semi-sup-triplet-jetclass-ddp-fast-wjet-longlongmult/last_model.pth
Mahalanobis metrics saved to plots/run-lejepa-semi-sup-triplet-jetclass-ddp-fast-wjet-longlongmult/mahalanobis_eval/epoch_0061/mahalanobis_metrics.json
Mahalanobis AUC, QCD+Hbb+Hcc+Hgg+H4q+Hqql+Zqq+Tbqq+Tbl train vs Wqq: 0.477612
Mahalanobis AUC, QCD+Hbb+Hcc+Hgg+H4q+Hqql+Zqq+Tbqq+Tbl val vs Wqq: 0.478118
Epoch 61 train losses: {'total_loss': 0.5844436393678188, 'invariant_loss': 0.16548190392553808, 'sigreg_loss': 6.878296875, 'triplet_loss': 0.006597490740299691, 'triplet_pos_distance': 0.031487596630584445, 'triplet_neg_distance': 1.1090774697959422, 'classification_loss': 0.743759566873312}
Epoch 61 val losses: {'total_loss': 0.5653033602237701, 'invariant_loss': 0.1361161808669567, 'sigreg_loss': 7.0915625, 'triplet_loss': 0.0067177223460748794, 'triplet_pos_distance': 0.0185488576348871, 'triplet_neg_distance': 1.0787521398067474, 'classification_loss': 0.7384743797779083}
Updated run summary at plots/run-lejepa-semi-sup-triplet-jetclass-ddp-fast-wjet-longlongmult/summary.json

Epoch [62/80]
Saved new best model state_dict to plots/run-lejepa-semi-sup-triplet-jetclass-ddp-fast-wjet-longlongmult/best_model.pth
Saved last model state_dict to plots/run-lejepa-semi-sup-triplet-jetclass-ddp-fast-wjet-longlongmult/last_model.pth
Mahalanobis metrics saved to plots/run-lejepa-semi-sup-triplet-jetclass-ddp-fast-wjet-longlongmult/mahalanobis_eval/epoch_0062/mahalanobis_metrics.json
Mahalanobis AUC, QCD+Hbb+Hcc+Hgg+H4q+Hqql+Zqq+Tbqq+Tbl train vs Wqq: 0.470343
Mahalanobis AUC, QCD+Hbb+Hcc+Hgg+H4q+Hqql+Zqq+Tbqq+Tbl val vs Wqq: 0.471158
Epoch 62 train losses: {'total_loss': 0.5801427631601691, 'invariant_loss': 0.16478475735336542, 'sigreg_loss': 6.8108515625, 'triplet_loss': 0.006465272216359153, 'triplet_pos_distance': 0.031345471234992144, 'triplet_neg_distance': 1.1055800200402737, 'classification_loss': 0.741853514060378}
Epoch 62 val losses: {'total_loss': 0.5634827867150307, 'invariant_loss': 0.1338526365906, 'sigreg_loss': 7.1221875, 'triplet_loss': 0.006709914179518819, 'triplet_pos_distance': 0.018373705530539155, 'triplet_neg_distance': 1.0872998666763305, 'classification_loss': 0.728654049038887}
Updated run summary at plots/run-lejepa-semi-sup-triplet-jetclass-ddp-fast-wjet-longlongmult/summary.json

Epoch [63/80]
Saved last model state_dict to plots/run-lejepa-semi-sup-triplet-jetclass-ddp-fast-wjet-longlongmult/last_model.pth
Mahalanobis metrics saved to plots/run-lejepa-semi-sup-triplet-jetclass-ddp-fast-wjet-longlongmult/mahalanobis_eval/epoch_0063/mahalanobis_metrics.json
Mahalanobis AUC, QCD+Hbb+Hcc+Hgg+H4q+Hqql+Zqq+Tbqq+Tbl train vs Wqq: 0.462875
Mahalanobis AUC, QCD+Hbb+Hcc+Hgg+H4q+Hqql+Zqq+Tbqq+Tbl val vs Wqq: 0.462222
Epoch 63 train losses: {'total_loss': 0.5763284208178521, 'invariant_loss': 0.16374630775302648, 'sigreg_loss': 6.766421875, 'triplet_loss': 0.006427489967260044, 'triplet_pos_distance': 0.03130723658297211, 'triplet_neg_distance': 1.1062153648734092, 'classification_loss': 0.7362979017496109}
Epoch 63 val losses: {'total_loss': 0.5769908994436264, 'invariant_loss': 0.13193996839225292, 'sigreg_loss': 7.45, 'triplet_loss': 0.006929384958930314, 'triplet_pos_distance': 0.01803981021977961, 'triplet_neg_distance': 1.072920436859131, 'classification_loss': 0.7183846139907837}
Updated run summary at plots/run-lejepa-semi-sup-triplet-jetclass-ddp-fast-wjet-longlongmult/summary.json

Epoch [64/80]
Saved last model state_dict to plots/run-lejepa-semi-sup-triplet-jetclass-ddp-fast-wjet-longlongmult/last_model.pth
Mahalanobis metrics saved to plots/run-lejepa-semi-sup-triplet-jetclass-ddp-fast-wjet-longlongmult/mahalanobis_eval/epoch_0064/mahalanobis_metrics.json
Mahalanobis AUC, QCD+Hbb+Hcc+Hgg+H4q+Hqql+Zqq+Tbqq+Tbl train vs Wqq: 0.459852
Mahalanobis AUC, QCD+Hbb+Hcc+Hgg+H4q+Hqql+Zqq+Tbqq+Tbl val vs Wqq: 0.459020
Epoch 64 train losses: {'total_loss': 0.5746407741010189, 'invariant_loss': 0.16380926690623165, 'sigreg_loss': 6.7353828125, 'triplet_loss': 0.006352505057933741, 'triplet_pos_distance': 0.03115709582203999, 'triplet_neg_distance': 1.1058204371333122, 'classification_loss': 0.7344283452033996}
Epoch 64 val losses: {'total_loss': 0.5722586014866828, 'invariant_loss': 0.1310206013172865, 'sigreg_loss': 7.38625, 'triplet_loss': 0.006805049744434655, 'triplet_pos_distance': 0.0178202844876796, 'triplet_neg_distance': 1.0725480997562409, 'classification_loss': 0.7131920957565308}
Updated run summary at plots/run-lejepa-semi-sup-triplet-jetclass-ddp-fast-wjet-longlongmult/summary.json

Epoch [65/80]
Saved new best model state_dict to plots/run-lejepa-semi-sup-triplet-jetclass-ddp-fast-wjet-longlongmult/best_model.pth
Saved last model state_dict to plots/run-lejepa-semi-sup-triplet-jetclass-ddp-fast-wjet-longlongmult/last_model.pth
Mahalanobis metrics saved to plots/run-lejepa-semi-sup-triplet-jetclass-ddp-fast-wjet-longlongmult/mahalanobis_eval/epoch_0065/mahalanobis_metrics.json
Mahalanobis AUC, QCD+Hbb+Hcc+Hgg+H4q+Hqql+Zqq+Tbqq+Tbl train vs Wqq: 0.470878
Mahalanobis AUC, QCD+Hbb+Hcc+Hgg+H4q+Hqql+Zqq+Tbqq+Tbl val vs Wqq: 0.471555
Epoch 65 train losses: {'total_loss': 0.5701466943994165, 'invariant_loss': 0.16343593126907946, 'sigreg_loss': 6.65978125, 'triplet_loss': 0.006211505005485379, 'triplet_pos_distance': 0.031133557981345802, 'triplet_neg_distance': 1.105969240128994, 'classification_loss': 0.7310743126869201}
Epoch 65 val losses: {'total_loss': 0.5516600185632705, 'invariant_loss': 0.13079210944473743, 'sigreg_loss': 6.981875, 'triplet_loss': 0.006577987349592149, 'triplet_pos_distance': 0.017358866110444068, 'triplet_neg_distance': 1.0937067866325378, 'classification_loss': 0.712061984539032}
Updated run summary at plots/run-lejepa-semi-sup-triplet-jetclass-ddp-fast-wjet-longlongmult/summary.json

Epoch [66/80]
Saved new best model state_dict to plots/run-lejepa-semi-sup-triplet-jetclass-ddp-fast-wjet-longlongmult/best_model.pth
Saved last model state_dict to plots/run-lejepa-semi-sup-triplet-jetclass-ddp-fast-wjet-longlongmult/last_model.pth
Mahalanobis metrics saved to plots/run-lejepa-semi-sup-triplet-jetclass-ddp-fast-wjet-longlongmult/mahalanobis_eval/epoch_0066/mahalanobis_metrics.json
Mahalanobis AUC, QCD+Hbb+Hcc+Hgg+H4q+Hqql+Zqq+Tbqq+Tbl train vs Wqq: 0.488133
Mahalanobis AUC, QCD+Hbb+Hcc+Hgg+H4q+Hqql+Zqq+Tbqq+Tbl val vs Wqq: 0.487154
Epoch 66 train losses: {'total_loss': 0.5686858856230974, 'invariant_loss': 0.16291960362344982, 'sigreg_loss': 6.6482734375, 'triplet_loss': 0.0062288975234259854, 'triplet_pos_distance': 0.031103243520483374, 'triplet_neg_distance': 1.1060590744018555, 'classification_loss': 0.7273494164645672}
Epoch 66 val losses: {'total_loss': 0.5403497645258903, 'invariant_loss': 0.13146671161055565, 'sigreg_loss': 6.741875, 'triplet_loss': 0.006613553897477686, 'triplet_pos_distance': 0.017955736629664897, 'triplet_neg_distance': 1.078355722427368, 'classification_loss': 0.7111231696605682}
Updated run summary at plots/run-lejepa-semi-sup-triplet-jetclass-ddp-fast-wjet-longlongmult/summary.json

Epoch [67/80]
Saved last model state_dict to plots/run-lejepa-semi-sup-triplet-jetclass-ddp-fast-wjet-longlongmult/last_model.pth
Mahalanobis metrics saved to plots/run-lejepa-semi-sup-triplet-jetclass-ddp-fast-wjet-longlongmult/mahalanobis_eval/epoch_0067/mahalanobis_metrics.json
Mahalanobis AUC, QCD+Hbb+Hcc+Hgg+H4q+Hqql+Zqq+Tbqq+Tbl train vs Wqq: 0.488343
Mahalanobis AUC, QCD+Hbb+Hcc+Hgg+H4q+Hqql+Zqq+Tbqq+Tbl val vs Wqq: 0.487025
Epoch 67 train losses: {'total_loss': 0.5654649946540594, 'invariant_loss': 0.16246477418020366, 'sigreg_loss': 6.60246875, 'triplet_loss': 0.006197665446670726, 'triplet_pos_distance': 0.031052100428845732, 'triplet_neg_distance': 1.10140056553483, 'classification_loss': 0.7224788320660591}
Epoch 67 val losses: {'total_loss': 0.5537172710895538, 'invariant_loss': 0.13151853434741498, 'sigreg_loss': 7.0109375, 'triplet_loss': 0.006568524688482284, 'triplet_pos_distance': 0.017634372701868416, 'triplet_neg_distance': 1.085022702217102, 'classification_loss': 0.7089735335111618}
Updated run summary at plots/run-lejepa-semi-sup-triplet-jetclass-ddp-fast-wjet-longlongmult/summary.json

Epoch [68/80]
Saved last model state_dict to plots/run-lejepa-semi-sup-triplet-jetclass-ddp-fast-wjet-longlongmult/last_model.pth
Mahalanobis metrics saved to plots/run-lejepa-semi-sup-triplet-jetclass-ddp-fast-wjet-longlongmult/mahalanobis_eval/epoch_0068/mahalanobis_metrics.json
Mahalanobis AUC, QCD+Hbb+Hcc+Hgg+H4q+Hqql+Zqq+Tbqq+Tbl train vs Wqq: 0.487557
Mahalanobis AUC, QCD+Hbb+Hcc+Hgg+H4q+Hqql+Zqq+Tbqq+Tbl val vs Wqq: 0.486207
Epoch 68 train losses: {'total_loss': 0.5624788414239883, 'invariant_loss': 0.1615762665271759, 'sigreg_loss': 6.5670625, 'triplet_loss': 0.006187022515456192, 'triplet_pos_distance': 0.03097359413141385, 'triplet_neg_distance': 1.0996229864656926, 'classification_loss': 0.7193816576451063}
Epoch 68 val losses: {'total_loss': 0.5455012223124505, 'invariant_loss': 0.12765965938568116, 'sigreg_loss': 6.930625, 'triplet_loss': 0.006947925863787532, 'triplet_pos_distance': 0.01726495547220111, 'triplet_neg_distance': 1.0702615523338317, 'classification_loss': 0.7055496853590012}
Updated run summary at plots/run-lejepa-semi-sup-triplet-jetclass-ddp-fast-wjet-longlongmult/summary.json

Epoch [69/80]
Saved last model state_dict to plots/run-lejepa-semi-sup-triplet-jetclass-ddp-fast-wjet-longlongmult/last_model.pth
Mahalanobis metrics saved to plots/run-lejepa-semi-sup-triplet-jetclass-ddp-fast-wjet-longlongmult/mahalanobis_eval/epoch_0069/mahalanobis_metrics.json
Mahalanobis AUC, QCD+Hbb+Hcc+Hgg+H4q+Hqql+Zqq+Tbqq+Tbl train vs Wqq: 0.487296
Mahalanobis AUC, QCD+Hbb+Hcc+Hgg+H4q+Hqql+Zqq+Tbqq+Tbl val vs Wqq: 0.488172
Epoch 69 train losses: {'total_loss': 0.5587791407257319, 'invariant_loss': 0.16151138131693005, 'sigreg_loss': 6.50109375, 'triplet_loss': 0.006095943068037741, 'triplet_pos_distance': 0.03088388068974018, 'triplet_neg_distance': 1.0948548566102982, 'classification_loss': 0.716073809042573}
Epoch 69 val losses: {'total_loss': 0.5431950065493584, 'invariant_loss': 0.12972422316670418, 'sigreg_loss': 6.8434375, 'triplet_loss': 0.006392916850745678, 'triplet_pos_distance': 0.017430912964046003, 'triplet_neg_distance': 1.0772868609428405, 'classification_loss': 0.7060492485761642}
Updated run summary at plots/run-lejepa-semi-sup-triplet-jetclass-ddp-fast-wjet-longlongmult/summary.json

Epoch [70/80]
Saved last model state_dict to plots/run-lejepa-semi-sup-triplet-jetclass-ddp-fast-wjet-longlongmult/last_model.pth
Mahalanobis metrics saved to plots/run-lejepa-semi-sup-triplet-jetclass-ddp-fast-wjet-longlongmult/mahalanobis_eval/epoch_0070/mahalanobis_metrics.json
Mahalanobis AUC, QCD+Hbb+Hcc+Hgg+H4q+Hqql+Zqq+Tbqq+Tbl train vs Wqq: 0.485883
Mahalanobis AUC, QCD+Hbb+Hcc+Hgg+H4q+Hqql+Zqq+Tbqq+Tbl val vs Wqq: 0.484677
Epoch 70 train losses: {'total_loss': 0.5567292148023844, 'invariant_loss': 0.1605707938298583, 'sigreg_loss': 6.4858046875, 'triplet_loss': 0.006133104362001177, 'triplet_pos_distance': 0.030859750704374165, 'triplet_neg_distance': 1.0959709625542164, 'classification_loss': 0.7126385757029057}
Epoch 70 val losses: {'total_loss': 0.5438674157857895, 'invariant_loss': 0.12681952446699143, 'sigreg_loss': 6.885625, 'triplet_loss': 0.006768823084421456, 'triplet_pos_distance': 0.017227867050096393, 'triplet_neg_distance': 1.0588812375068664, 'classification_loss': 0.7211319553852081}
Updated run summary at plots/run-lejepa-semi-sup-triplet-jetclass-ddp-fast-wjet-longlongmult/summary.json

Epoch [71/80]
Saved new best model state_dict to plots/run-lejepa-semi-sup-triplet-jetclass-ddp-fast-wjet-longlongmult/best_model.pth
Saved last model state_dict to plots/run-lejepa-semi-sup-triplet-jetclass-ddp-fast-wjet-longlongmult/last_model.pth
Mahalanobis metrics saved to plots/run-lejepa-semi-sup-triplet-jetclass-ddp-fast-wjet-longlongmult/mahalanobis_eval/epoch_0071/mahalanobis_metrics.json
Mahalanobis AUC, QCD+Hbb+Hcc+Hgg+H4q+Hqql+Zqq+Tbqq+Tbl train vs Wqq: 0.475528
Mahalanobis AUC, QCD+Hbb+Hcc+Hgg+H4q+Hqql+Zqq+Tbqq+Tbl val vs Wqq: 0.474405
Epoch 71 train losses: {'total_loss': 0.5548704918026924, 'invariant_loss': 0.16038313050940634, 'sigreg_loss': 6.4579453125, 'triplet_loss': 0.006033031662460417, 'triplet_pos_distance': 0.03084182683425024, 'triplet_neg_distance': 1.0953890802264215, 'classification_loss': 0.709868385925889}
Epoch 71 val losses: {'total_loss': 0.533496326804161, 'invariant_loss': 0.12864603117108345, 'sigreg_loss': 6.6878125, 'triplet_loss': 0.006492564380168915, 'triplet_pos_distance': 0.017632372425869108, 'triplet_neg_distance': 1.0661758530139922, 'classification_loss': 0.6982603663206101}
Updated run summary at plots/run-lejepa-semi-sup-triplet-jetclass-ddp-fast-wjet-longlongmult/summary.json

Epoch [72/80]
Saved new best model state_dict to plots/run-lejepa-semi-sup-triplet-jetclass-ddp-fast-wjet-longlongmult/best_model.pth
Saved last model state_dict to plots/run-lejepa-semi-sup-triplet-jetclass-ddp-fast-wjet-longlongmult/last_model.pth
Mahalanobis metrics saved to plots/run-lejepa-semi-sup-triplet-jetclass-ddp-fast-wjet-longlongmult/mahalanobis_eval/epoch_0072/mahalanobis_metrics.json
Mahalanobis AUC, QCD+Hbb+Hcc+Hgg+H4q+Hqql+Zqq+Tbqq+Tbl train vs Wqq: 0.474965
Mahalanobis AUC, QCD+Hbb+Hcc+Hgg+H4q+Hqql+Zqq+Tbqq+Tbl val vs Wqq: 0.474332
Epoch 72 train losses: {'total_loss': 0.5515823308676481, 'invariant_loss': 0.16019150492176412, 'sigreg_loss': 6.4019921875, 'triplet_loss': 0.005976263308373746, 'triplet_pos_distance': 0.030779517602175475, 'triplet_neg_distance': 1.0945928372442721, 'classification_loss': 0.7069578449428081}
Epoch 72 val losses: {'total_loss': 0.5322340199351311, 'invariant_loss': 0.1279158378392458, 'sigreg_loss': 6.6740625, 'triplet_loss': 0.006170058525167405, 'triplet_pos_distance': 0.017056068247184156, 'triplet_neg_distance': 1.0720388960838318, 'classification_loss': 0.7008789545297622}
Updated run summary at plots/run-lejepa-semi-sup-triplet-jetclass-ddp-fast-wjet-longlongmult/summary.json

Epoch [73/80]
Saved new best model state_dict to plots/run-lejepa-semi-sup-triplet-jetclass-ddp-fast-wjet-longlongmult/best_model.pth
Saved last model state_dict to plots/run-lejepa-semi-sup-triplet-jetclass-ddp-fast-wjet-longlongmult/last_model.pth
Mahalanobis metrics saved to plots/run-lejepa-semi-sup-triplet-jetclass-ddp-fast-wjet-longlongmult/mahalanobis_eval/epoch_0073/mahalanobis_metrics.json
Mahalanobis AUC, QCD+Hbb+Hcc+Hgg+H4q+Hqql+Zqq+Tbqq+Tbl train vs Wqq: 0.489922
Mahalanobis AUC, QCD+Hbb+Hcc+Hgg+H4q+Hqql+Zqq+Tbqq+Tbl val vs Wqq: 0.489217
Epoch 73 train losses: {'total_loss': 0.5487817069739104, 'invariant_loss': 0.1598426017649472, 'sigreg_loss': 6.3575703125, 'triplet_loss': 0.005980938148568384, 'triplet_pos_distance': 0.030798628711141647, 'triplet_neg_distance': 1.0941888405680655, 'classification_loss': 0.7047186775356531}
Epoch 73 val losses: {'total_loss': 0.5320680937170983, 'invariant_loss': 0.1277120979875326, 'sigreg_loss': 6.69375, 'triplet_loss': 0.006503141457214951, 'triplet_pos_distance': 0.017283054357394575, 'triplet_neg_distance': 1.0675544798374177, 'classification_loss': 0.6904747372865677}
Updated run summary at plots/run-lejepa-semi-sup-triplet-jetclass-ddp-fast-wjet-longlongmult/summary.json

Epoch [74/80]
Saved new best model state_dict to plots/run-lejepa-semi-sup-triplet-jetclass-ddp-fast-wjet-longlongmult/best_model.pth
Saved last model state_dict to plots/run-lejepa-semi-sup-triplet-jetclass-ddp-fast-wjet-longlongmult/last_model.pth
Mahalanobis metrics saved to plots/run-lejepa-semi-sup-triplet-jetclass-ddp-fast-wjet-longlongmult/mahalanobis_eval/epoch_0074/mahalanobis_metrics.json
Mahalanobis AUC, QCD+Hbb+Hcc+Hgg+H4q+Hqql+Zqq+Tbqq+Tbl train vs Wqq: 0.481752
Mahalanobis AUC, QCD+Hbb+Hcc+Hgg+H4q+Hqql+Zqq+Tbqq+Tbl val vs Wqq: 0.480278
Epoch 74 train losses: {'total_loss': 0.5472850877270102, 'invariant_loss': 0.15915281565859915, 'sigreg_loss': 6.34296875, 'triplet_loss': 0.0059643518426455554, 'triplet_pos_distance': 0.030563135388772936, 'triplet_neg_distance': 1.093734065502882, 'classification_loss': 0.7039203481078148}
Epoch 74 val losses: {'total_loss': 0.5305892506241798, 'invariant_loss': 0.12650471836328506, 'sigreg_loss': 6.6853125, 'triplet_loss': 0.006419969792477787, 'triplet_pos_distance': 0.017138377809897066, 'triplet_neg_distance': 1.0683634543418885, 'classification_loss': 0.6922378104925155}
Updated run summary at plots/run-lejepa-semi-sup-triplet-jetclass-ddp-fast-wjet-longlongmult/summary.json

Epoch [75/80]
Saved last model state_dict to plots/run-lejepa-semi-sup-triplet-jetclass-ddp-fast-wjet-longlongmult/last_model.pth
Mahalanobis metrics saved to plots/run-lejepa-semi-sup-triplet-jetclass-ddp-fast-wjet-longlongmult/mahalanobis_eval/epoch_0075/mahalanobis_metrics.json
Mahalanobis AUC, QCD+Hbb+Hcc+Hgg+H4q+Hqql+Zqq+Tbqq+Tbl train vs Wqq: 0.478724
Mahalanobis AUC, QCD+Hbb+Hcc+Hgg+H4q+Hqql+Zqq+Tbqq+Tbl val vs Wqq: 0.477212
Epoch 75 train losses: {'total_loss': 0.546200239866972, 'invariant_loss': 0.1593359976708889, 'sigreg_loss': 6.32409375, 'triplet_loss': 0.005980826526531018, 'triplet_pos_distance': 0.030731027274858207, 'triplet_neg_distance': 1.0915407846868037, 'classification_loss': 0.7006181107014418}
Epoch 75 val losses: {'total_loss': 0.5307660636305809, 'invariant_loss': 0.12610848590731621, 'sigreg_loss': 6.69875, 'triplet_loss': 0.006440686248242855, 'triplet_pos_distance': 0.01736141131259501, 'triplet_neg_distance': 1.057532823085785, 'classification_loss': 0.690330342054367}
Updated run summary at plots/run-lejepa-semi-sup-triplet-jetclass-ddp-fast-wjet-longlongmult/summary.json

Epoch [76/80]
Saved new best model state_dict to plots/run-lejepa-semi-sup-triplet-jetclass-ddp-fast-wjet-longlongmult/best_model.pth
Saved last model state_dict to plots/run-lejepa-semi-sup-triplet-jetclass-ddp-fast-wjet-longlongmult/last_model.pth
Mahalanobis metrics saved to plots/run-lejepa-semi-sup-triplet-jetclass-ddp-fast-wjet-longlongmult/mahalanobis_eval/epoch_0076/mahalanobis_metrics.json
Mahalanobis AUC, QCD+Hbb+Hcc+Hgg+H4q+Hqql+Zqq+Tbqq+Tbl train vs Wqq: 0.480977
Mahalanobis AUC, QCD+Hbb+Hcc+Hgg+H4q+Hqql+Zqq+Tbqq+Tbl val vs Wqq: 0.480128
Epoch 76 train losses: {'total_loss': 0.5449919587299228, 'invariant_loss': 0.15923229647055268, 'sigreg_loss': 6.3074921875, 'triplet_loss': 0.005944447112851776, 'triplet_pos_distance': 0.030609600218012928, 'triplet_neg_distance': 1.0894762335121633, 'classification_loss': 0.6978679712563753}
Epoch 76 val losses: {'total_loss': 0.5286781933903694, 'invariant_loss': 0.12630208626389502, 'sigreg_loss': 6.659375, 'triplet_loss': 0.006431372128427029, 'triplet_pos_distance': 0.016669118078425527, 'triplet_neg_distance': 1.0605080997943879, 'classification_loss': 0.6878375029563903}
Updated run summary at plots/run-lejepa-semi-sup-triplet-jetclass-ddp-fast-wjet-longlongmult/summary.json

Epoch [77/80]
Saved new best model state_dict to plots/run-lejepa-semi-sup-triplet-jetclass-ddp-fast-wjet-longlongmult/best_model.pth
Saved last model state_dict to plots/run-lejepa-semi-sup-triplet-jetclass-ddp-fast-wjet-longlongmult/last_model.pth
Mahalanobis metrics saved to plots/run-lejepa-semi-sup-triplet-jetclass-ddp-fast-wjet-longlongmult/mahalanobis_eval/epoch_0077/mahalanobis_metrics.json
Mahalanobis AUC, QCD+Hbb+Hcc+Hgg+H4q+Hqql+Zqq+Tbqq+Tbl train vs Wqq: 0.484834
Mahalanobis AUC, QCD+Hbb+Hcc+Hgg+H4q+Hqql+Zqq+Tbqq+Tbl val vs Wqq: 0.484312
Epoch 77 train losses: {'total_loss': 0.542292900763452, 'invariant_loss': 0.15876842468231916, 'sigreg_loss': 6.259046875, 'triplet_loss': 0.005959181255020667, 'triplet_pos_distance': 0.03054284712858498, 'triplet_neg_distance': 1.0900852656066418, 'classification_loss': 0.6996444482058287}
Epoch 77 val losses: {'total_loss': 0.5238597738742828, 'invariant_loss': 0.1255016190558672, 'sigreg_loss': 6.5809375, 'triplet_loss': 0.006370367710478604, 'triplet_pos_distance': 0.0167915621958673, 'triplet_neg_distance': 1.0650707221031188, 'classification_loss': 0.6867814654111862}
Updated run summary at plots/run-lejepa-semi-sup-triplet-jetclass-ddp-fast-wjet-longlongmult/summary.json

Epoch [78/80]
Saved last model state_dict to plots/run-lejepa-semi-sup-triplet-jetclass-ddp-fast-wjet-longlongmult/last_model.pth
Mahalanobis metrics saved to plots/run-lejepa-semi-sup-triplet-jetclass-ddp-fast-wjet-longlongmult/mahalanobis_eval/epoch_0078/mahalanobis_metrics.json
Mahalanobis AUC, QCD+Hbb+Hcc+Hgg+H4q+Hqql+Zqq+Tbqq+Tbl train vs Wqq: 0.483247
Mahalanobis AUC, QCD+Hbb+Hcc+Hgg+H4q+Hqql+Zqq+Tbqq+Tbl val vs Wqq: 0.482379
Epoch 78 train losses: {'total_loss': 0.5405310723185539, 'invariant_loss': 0.15863068260997534, 'sigreg_loss': 6.23528125, 'triplet_loss': 0.0059497710010618906, 'triplet_pos_distance': 0.030509656760841608, 'triplet_neg_distance': 1.0899793124496937, 'classification_loss': 0.6954393547400832}
Epoch 78 val losses: {'total_loss': 0.524080302119255, 'invariant_loss': 0.12585059501230716, 'sigreg_loss': 6.5715625, 'triplet_loss': 0.006448788004927337, 'triplet_pos_distance': 0.016879784176126122, 'triplet_neg_distance': 1.0648349606990815, 'classification_loss': 0.6900083923339844}
Updated run summary at plots/run-lejepa-semi-sup-triplet-jetclass-ddp-fast-wjet-longlongmult/summary.json

Epoch [79/80]
Saved last model state_dict to plots/run-lejepa-semi-sup-triplet-jetclass-ddp-fast-wjet-longlongmult/last_model.pth
Mahalanobis metrics saved to plots/run-lejepa-semi-sup-triplet-jetclass-ddp-fast-wjet-longlongmult/mahalanobis_eval/epoch_0079/mahalanobis_metrics.json
Mahalanobis AUC, QCD+Hbb+Hcc+Hgg+H4q+Hqql+Zqq+Tbqq+Tbl train vs Wqq: 0.483814
Mahalanobis AUC, QCD+Hbb+Hcc+Hgg+H4q+Hqql+Zqq+Tbqq+Tbl val vs Wqq: 0.482880
Epoch 79 train losses: {'total_loss': 0.5404602329954505, 'invariant_loss': 0.15853331227228046, 'sigreg_loss': 6.2322109375, 'triplet_loss': 0.005963841625896748, 'triplet_pos_distance': 0.030549407004378738, 'triplet_neg_distance': 1.0893033414781093, 'classification_loss': 0.6970846379995346}
Epoch 79 val losses: {'total_loss': 0.5270769476890564, 'invariant_loss': 0.12600852862000467, 'sigreg_loss': 6.6275, 'triplet_loss': 0.0064409936405718324, 'triplet_pos_distance': 0.017081375094130637, 'triplet_neg_distance': 1.0620055246353148, 'classification_loss': 0.6906689643859864}
Updated run summary at plots/run-lejepa-semi-sup-triplet-jetclass-ddp-fast-wjet-longlongmult/summary.json

Epoch [80/80]
Saved last model state_dict to plots/run-lejepa-semi-sup-triplet-jetclass-ddp-fast-wjet-longlongmult/last_model.pth
Mahalanobis metrics saved to plots/run-lejepa-semi-sup-triplet-jetclass-ddp-fast-wjet-longlongmult/mahalanobis_eval/epoch_0080/mahalanobis_metrics.json
Mahalanobis AUC, QCD+Hbb+Hcc+Hgg+H4q+Hqql+Zqq+Tbqq+Tbl train vs Wqq: 0.484041
Mahalanobis AUC, QCD+Hbb+Hcc+Hgg+H4q+Hqql+Zqq+Tbqq+Tbl val vs Wqq: 0.482965
Epoch 80 train losses: {'total_loss': 0.5410146931782365, 'invariant_loss': 0.15844528260827065, 'sigreg_loss': 6.2473046875, 'triplet_loss': 0.005983951049100142, 'triplet_pos_distance': 0.030417300658766182, 'triplet_neg_distance': 1.0894388597011566, 'classification_loss': 0.696057779058814}
Epoch 80 val losses: {'total_loss': 0.5249072617292404, 'invariant_loss': 0.12604849621653558, 'sigreg_loss': 6.5890625, 'triplet_loss': 0.006446972989942878, 'triplet_pos_distance': 0.016632024636492132, 'triplet_neg_distance': 1.0635518419742584, 'classification_loss': 0.6883906102180481}
Updated run summary at plots/run-lejepa-semi-sup-triplet-jetclass-ddp-fast-wjet-longlongmult/summary.json
Saved run summary to plots/run-lejepa-semi-sup-triplet-jetclass-ddp-fast-wjet-longlongmult/summary.json
