## SLURM PROLOG ###############################################################
##    Job ID : 3695094
##  Job Name : JETANOMALY
##  Nodelist : gpu2708
##      CPUs : 1
##  Mem/Node : 32000 MB
## Directory : /oscar/home/lwang223/jetAnomalyDetection
##   Job Started : Tue Jul  7 07:27:45 AM EDT 2026
###############################################################################

==========================================
Job started at: Tue Jul  7 07:27:45 AM EDT 2026
Job ID: 3695094
Node: gpu2708
==========================================

GPU Information (from host):
Tue Jul  7 07:27:45 2026       
+-----------------------------------------------------------------------------------------+
| NVIDIA-SMI 575.57.08              Driver Version: 575.57.08      CUDA Version: 12.9     |
|-----------------------------------------+------------------------+----------------------+
| GPU  Name                 Persistence-M | Bus-Id          Disp.A | Volatile Uncorr. ECC |
| Fan  Temp   Perf          Pwr:Usage/Cap |           Memory-Usage | GPU-Util  Compute M. |
|                                         |                        |               MIG M. |
|=========================================+========================+======================|
|   0  NVIDIA L40S                    On  |   00000000:E1:00.0 Off |                    0 |
| N/A   28C    P8             30W /  350W |      77MiB /  46068MiB |      0%      Default |
|                                         |                        |                  N/A |
+-----------------------------------------+------------------------+----------------------+
                                                                                         
+-----------------------------------------------------------------------------------------+
| Processes:                                                                              |
|  GPU   GI   CI              PID   Type   Process name                        GPU Memory |
|        ID   ID                                                               Usage      |
|=========================================================================================|
|    0   N/A  N/A          157414      G   /usr/libexec/Xorg                        64MiB |
+-----------------------------------------------------------------------------------------+

PyTorch version: 2.6.0+cu124
Loading background from data/processed/qcd-vs-wjet-pt-200to400/QCD_scaled_scaled.pkl
Loading signal from data/processed/qcd-vs-wjet-pt-200to400/WJet_scaled_scaled.pkl
Background rows: 125183
Signal rows: 4067
Background columns: ['pt', 'eta', 'phi', 'fj_phi', 'fj_eta', 'fj_pt', 'fj_mass', 'fj_msoftdrop', 'fj_particleNetWithMass_QCD', 'fj_particleNet_XbbVsQCD', 'fj_particleNet_XccVsQCD', 'fj_particleNet_XqqVsQCD', 'fj_particleNet_QCD', 'fj_particleNet_massCorr', 'trkHighPurity', 'charge', 'lostInnerHits', 'lostOuterHits', 'numberOfHits', 'numberOfPixelHits', 'pdgId', 'pvAssocQuality', 'trkAlgo', 'trkQuality', 'd0', 'd0Err', 'dz', 'dzErr', 'mass', 'puppiWeight', 'puppiWeightNoLep', 'trkChi2', 'trkEta', 'trkP', 'trkPhi', 'trkPt', 'vtxChi2', 'dz/dzErr', 'd0/d0Err', 'dR', 'within_bounds', 'log_pt', 'pdgId_-211', 'pdgId_-13', 'pdgId_-11', 'pdgId_11', 'pdgId_13', 'pdgId_22', 'pdgId_130', 'pdgId_211']
Signal columns: ['pt', 'eta', 'phi', 'fj_phi', 'fj_eta', 'fj_pt', 'fj_mass', 'fj_msoftdrop', 'fj_particleNetWithMass_QCD', 'fj_particleNet_XbbVsQCD', 'fj_particleNet_XccVsQCD', 'fj_particleNet_XqqVsQCD', 'fj_particleNet_QCD', 'fj_particleNet_massCorr', 'trkHighPurity', 'charge', 'lostInnerHits', 'lostOuterHits', 'numberOfHits', 'numberOfPixelHits', 'pdgId', 'pvAssocQuality', 'trkAlgo', 'trkQuality', 'd0', 'd0Err', 'dz', 'dzErr', 'mass', 'puppiWeight', 'puppiWeightNoLep', 'trkChi2', 'trkEta', 'trkP', 'trkPhi', 'trkPt', 'vtxChi2', 'dz/dzErr', 'd0/d0Err', 'dR', 'within_bounds', 'log_pt', 'pdgId_-211', 'pdgId_-13', 'pdgId_-11', 'pdgId_11', 'pdgId_13', 'pdgId_22', 'pdgId_130', 'pdgId_211']
Background rows: 125183
Signal rows: 4067
Node feature names: ['eta', 'phi', 'pt', 'd0/d0Err', 'dz/dzErr', 'charge', 'mass', 'log_pt', 'pdgId_-211', 'pdgId_-13', 'pdgId_-11', 'pdgId_11', 'pdgId_13', 'pdgId_22', 'pdgId_130', 'pdgId_211']
Loading background node tensors...
Skipping event 690 due to error: Too few nodes: 3.
Skipping event 903 due to error: Too few nodes: 2.
Skipping event 1095 due to error: Too few nodes: 3.
Skipping event 2302 due to error: Feature eta is not one-dimensional.
Skipping event 2708 due to error: Too few nodes: 3.
Skipping event 2795 due to error: Too few nodes: 3.
Skipping event 2994 due to error: Too few nodes: 2.
Skipping event 5169 due to error: Too few nodes: 3.
Skipping event 5404 due to error: Too few nodes: 3.
Skipping event 6126 due to error: Too few nodes: 3.
Skipping event 7154 due to error: Too few nodes: 2.
Skipping event 7657 due to error: Feature eta is not one-dimensional.
Skipping event 7661 due to error: Too few nodes: 3.
Skipping event 8113 due to error: Too few nodes: 3.
Skipping event 8834 due to error: Too few nodes: 3.
Skipping event 9508 due to error: Too few nodes: 3.
Skipping event 11309 due to error: Too few nodes: 3.
Skipping event 11442 due to error: Feature eta is not one-dimensional.
Skipping event 11894 due to error: Too few nodes: 2.
Skipping event 14069 due to error: Too few nodes: 3.
Skipping event 14304 due to error: Too few nodes: 3.
Skipping event 14898 due to error: Too few nodes: 3.
Skipping event 15402 due to error: Too few nodes: 3.
Skipping event 15714 due to error: Too few nodes: 3.
Skipping event 17191 due to error: Too few nodes: 3.
Skipping event 18023 due to error: Too few nodes: 3.
Skipping event 18236 due to error: Too few nodes: 2.
Skipping event 18428 due to error: Too few nodes: 3.
Skipping event 19635 due to error: Feature eta is not one-dimensional.
Skipping event 20041 due to error: Too few nodes: 3.
Skipping event 20128 due to error: Too few nodes: 3.
Skipping event 20547 due to error: Too few nodes: 3.
Skipping event 21051 due to error: Too few nodes: 3.
Skipping event 21363 due to error: Too few nodes: 3.
Skipping event 22840 due to error: Too few nodes: 3.
Skipping event 23501 due to error: Too few nodes: 3.
Skipping event 24529 due to error: Too few nodes: 2.
Skipping event 25032 due to error: Feature eta is not one-dimensional.
Skipping event 25036 due to error: Too few nodes: 3.
Skipping event 25488 due to error: Too few nodes: 3.
Skipping event 26501 due to error: Too few nodes: 2.
Skipping event 26745 due to error: Too few nodes: 3.
Skipping event 26797 due to error: Feature eta is not one-dimensional.
Skipping event 28975 due to error: Too few nodes: 3.
Skipping event 30073 due to error: Too few nodes: 2.
Skipping event 30296 due to error: Too few nodes: 3.
Skipping event 30607 due to error: Feature eta is not one-dimensional.
Skipping event 31301 due to error: Too few nodes: 3.
Skipping event 32017 due to error: Too few nodes: 3.
Skipping event 32548 due to error: Too few nodes: 3.
Skipping event 32565 due to error: Feature eta is not one-dimensional.
Skipping event 34074 due to error: Too few nodes: 3.
Skipping event 38606 due to error: Too few nodes: 3.
Skipping event 38898 due to error: Too few nodes: 3.
Skipping event 39034 due to error: Too few nodes: 3.
Skipping event 39128 due to error: Too few nodes: 2.
Skipping event 39261 due to error: Too few nodes: 2.
Skipping event 39683 due to error: Too few nodes: 3.
Skipping event 39904 due to error: Too few nodes: 2.
Skipping event 39920 due to error: Too few nodes: 3.
Skipping event 40251 due to error: Too few nodes: 3.
Skipping event 40531 due to error: Too few nodes: 3.
Skipping event 40688 due to error: Too few nodes: 3.
Skipping event 41335 due to error: Too few nodes: 3.
Skipping event 42412 due to error: Too few nodes: 3.
Skipping event 43032 due to error: Too few nodes: 3.
Skipping event 43513 due to error: Too few nodes: 2.
Skipping event 44435 due to error: Too few nodes: 3.
Skipping event 44692 due to error: Too few nodes: 3.
Skipping event 45037 due to error: Too few nodes: 3.
Skipping event 45650 due to error: Too few nodes: 3.
Skipping event 45655 due to error: Too few nodes: 2.
Skipping event 45982 due to error: Too few nodes: 3.
Skipping event 47039 due to error: Too few nodes: 3.
Skipping event 47921 due to error: Too few nodes: 3.
Skipping event 48534 due to error: Too few nodes: 3.
Skipping event 48539 due to error: Too few nodes: 2.
Skipping event 48866 due to error: Too few nodes: 3.
Skipping event 49923 due to error: Too few nodes: 3.
Skipping event 50914 due to error: Too few nodes: 2.
Skipping event 51072 due to error: Too few nodes: 3.
Skipping event 51443 due to error: Too few nodes: 2.
Skipping event 51686 due to error: Too few nodes: 3.
Skipping event 53388 due to error: Too few nodes: 3.
Skipping event 53761 due to error: Too few nodes: 2.
Skipping event 53919 due to error: Too few nodes: 3.
Skipping event 54290 due to error: Too few nodes: 2.
Skipping event 54533 due to error: Too few nodes: 3.
Skipping event 56235 due to error: Too few nodes: 3.
Skipping event 56461 due to error: Too few nodes: 3.
Skipping event 56740 due to error: Too few nodes: 3.
Skipping event 56926 due to error: Too few nodes: 3.
Skipping event 56958 due to error: Too few nodes: 2.
Skipping event 57153 due to error: Too few nodes: 3.
Skipping event 57865 due to error: Too few nodes: 3.
Skipping event 58521 due to error: Too few nodes: 2.
Skipping event 58689 due to error: Too few nodes: 3.
Skipping event 59271 due to error: Too few nodes: 3.
Skipping event 59550 due to error: Too few nodes: 3.
Skipping event 59736 due to error: Too few nodes: 3.
Skipping event 59768 due to error: Too few nodes: 2.
Skipping event 59963 due to error: Too few nodes: 3.
Skipping event 60675 due to error: Too few nodes: 3.
Skipping event 61331 due to error: Too few nodes: 2.
Skipping event 61499 due to error: Too few nodes: 3.
Skipping event 62909 due to error: Too few nodes: 3.
Skipping event 63270 due to error: Too few nodes: 3.
Skipping event 65653 due to error: Too few nodes: 3.
Skipping event 65790 due to error: Too few nodes: 3.
Skipping event 66176 due to error: Too few nodes: 3.
Skipping event 67708 due to error: Too few nodes: 3.
Skipping event 67815 due to error: Feature eta is not one-dimensional.
Skipping event 68612 due to error: Too few nodes: 3.
Skipping event 68748 due to error: Too few nodes: 3.
Skipping event 68842 due to error: Too few nodes: 2.
Skipping event 68975 due to error: Too few nodes: 2.
Skipping event 69397 due to error: Too few nodes: 3.
Skipping event 69618 due to error: Too few nodes: 2.
Skipping event 69634 due to error: Too few nodes: 3.
Skipping event 69965 due to error: Too few nodes: 3.
Skipping event 70245 due to error: Too few nodes: 3.
Skipping event 70402 due to error: Too few nodes: 3.
Skipping event 71049 due to error: Too few nodes: 3.
Skipping event 71536 due to error: Feature eta is not one-dimensional.
Skipping event 71785 due to error: Too few nodes: 3.
Skipping event 73274 due to error: Too few nodes: 3.
Skipping event 74443 due to error: Feature eta is not one-dimensional.
Skipping event 75302 due to error: Too few nodes: 3.
Skipping event 75390 due to error: Too few nodes: 3.
Skipping event 75674 due to error: Too few nodes: 2.
Skipping event 76596 due to error: Too few nodes: 3.
Skipping event 77345 due to error: Too few nodes: 2.
Skipping event 77886 due to error: Too few nodes: 3.
Skipping event 78065 due to error: Too few nodes: 3.
Skipping event 78431 due to error: Too few nodes: 3.
Skipping event 78724 due to error: Too few nodes: 3.
Skipping event 78928 due to error: Too few nodes: 3.
Skipping event 79810 due to error: Too few nodes: 3.
Skipping event 79834 due to error: Too few nodes: 3.
Skipping event 80508 due to error: Too few nodes: 3.
Skipping event 80533 due to error: Too few nodes: 3.
Skipping event 81132 due to error: Too few nodes: 2.
Skipping event 81302 due to error: Too few nodes: 3.
Skipping event 82490 due to error: Feature eta is not one-dimensional.
Skipping event 83555 due to error: Too few nodes: 3.
Skipping event 83734 due to error: Too few nodes: 3.
Skipping event 84100 due to error: Too few nodes: 3.
Skipping event 84393 due to error: Too few nodes: 3.
Skipping event 84597 due to error: Too few nodes: 3.
Skipping event 85479 due to error: Too few nodes: 3.
Skipping event 85503 due to error: Too few nodes: 3.
Skipping event 86177 due to error: Too few nodes: 3.
Skipping event 86202 due to error: Too few nodes: 3.
Skipping event 86801 due to error: Too few nodes: 2.
Skipping event 86971 due to error: Too few nodes: 3.
Skipping event 88159 due to error: Feature eta is not one-dimensional.
Skipping event 89495 due to error: Too few nodes: 3.
Skipping event 89583 due to error: Too few nodes: 3.
Skipping event 89867 due to error: Too few nodes: 2.
Skipping event 90789 due to error: Too few nodes: 3.
Skipping event 91538 due to error: Too few nodes: 2.
Skipping event 92007 due to error: Too few nodes: 3.
Skipping event 92032 due to error: Feature eta is not one-dimensional.
Skipping event 92060 due to error: Too few nodes: 3.
Skipping event 93981 due to error: Too few nodes: 3.
Skipping event 94046 due to error: Too few nodes: 2.
Skipping event 94859 due to error: Too few nodes: 3.
Skipping event 95045 due to error: Too few nodes: 2.
Skipping event 95981 due to error: Too few nodes: 3.
Skipping event 96012 due to error: Too few nodes: 3.
Skipping event 96576 due to error: Too few nodes: 2.
Skipping event 97076 due to error: Too few nodes: 3.
Skipping event 97737 due to error: Too few nodes: 3.
Skipping event 99216 due to error: Too few nodes: 3.
Skipping event 99303 due to error: Too few nodes: 2.
Skipping event 100467 due to error: Too few nodes: 3.
Skipping event 102812 due to error: Too few nodes: 2.
Skipping event 104013 due to error: Too few nodes: 2.
Skipping event 104949 due to error: Too few nodes: 3.
Skipping event 104980 due to error: Too few nodes: 3.
Skipping event 105544 due to error: Too few nodes: 2.
Skipping event 106044 due to error: Too few nodes: 3.
Skipping event 106705 due to error: Too few nodes: 3.
Skipping event 108184 due to error: Too few nodes: 3.
Skipping event 108271 due to error: Too few nodes: 2.
Skipping event 109435 due to error: Too few nodes: 3.
Skipping event 109839 due to error: Too few nodes: 3.
Skipping event 109938 due to error: Too few nodes: 3.
Skipping event 110823 due to error: Too few nodes: 3.
Skipping event 111524 due to error: Too few nodes: 3.
Skipping event 111617 due to error: Too few nodes: 3.
Skipping event 112090 due to error: Too few nodes: 3.
Skipping event 112401 due to error: Too few nodes: 3.
Skipping event 112481 due to error: Too few nodes: 3.
Skipping event 115973 due to error: Too few nodes: 3.
Skipping event 116072 due to error: Too few nodes: 3.
Skipping event 116957 due to error: Too few nodes: 3.
Skipping event 117658 due to error: Too few nodes: 3.
Skipping event 117751 due to error: Too few nodes: 3.
Skipping event 118224 due to error: Too few nodes: 3.
Skipping event 118535 due to error: Too few nodes: 3.
Skipping event 118615 due to error: Too few nodes: 3.
Skipping event 118925 due to error: Too few nodes: 3.
Skipping event 120230 due to error: Too few nodes: 3.
Skipping event 120663 due to error: Too few nodes: 3.
Skipping event 121186 due to error: Too few nodes: 3.
Skipping event 123050 due to error: Too few nodes: 2.
Skipping event 124371 due to error: Too few nodes: 3.
Skipping event 124715 due to error: Too few nodes: 3.
Loading signal node tensors...
Skipping event 424 due to error: Too few nodes: 3.
Skipping event 2523 due to error: Too few nodes: 2.
Skipping event 3794 due to error: Too few nodes: 3.
Loaded background train events: 99979
Loaded background val events: 24995
Loaded signal events: 4064
Feature mean: tensor([-8.9176e-05, -4.3704e-05,  3.6615e-02,  1.8351e-04, -6.9755e-06,
         3.9663e-03,  1.0762e-01, -1.2395e-02,  3.8354e-01,  9.7974e-04,
         1.6717e-03,  1.7881e-03,  9.0023e-04,  1.8262e-01,  4.0949e-02,
         3.8755e-01])
Feature std: tensor([0.1677, 0.1677, 0.0618, 1.3809, 1.1207, 0.8811, 0.0585, 0.9443, 0.4862,
        0.0313, 0.0409, 0.0422, 0.0300, 0.3864, 0.1982, 0.4872])
Example node tensor shape: torch.Size([8, 16])
Model summary:
LeJEPATripletParticleTransformerRepresentation(
  (node_embedding): NodeEmbedding(
    (net): Sequential(
      (0): Linear(in_features=16, out_features=128, bias=True)
      (1): GELU(approximate='none')
      (2): LayerNorm((128,), eps=1e-05, elementwise_affine=True)
      (3): Linear(in_features=128, out_features=512, bias=True)
      (4): GELU(approximate='none')
      (5): LayerNorm((512,), eps=1e-05, elementwise_affine=True)
      (6): Linear(in_features=512, out_features=128, bias=True)
      (7): Dropout(p=0.1, inplace=False)
    )
  )
  (pairwise_bias): PairwiseAttentionBias(
    (mlp): Sequential(
      (0): RMSNorm()
      (1): Linear(in_features=4, out_features=64, bias=True)
      (2): SiLU()
      (3): Dropout(p=0.1, inplace=False)
      (4): Linear(in_features=64, out_features=64, bias=True)
      (5): SiLU()
      (6): Dropout(p=0.1, inplace=False)
      (7): Linear(in_features=64, out_features=8, bias=True)
    )
  )
  (encoder): ParticleTransformerEncoder(
    (layers): ModuleList(
      (0-7): 8 x ParticleTransformerBlock(
        (attn_norm): RMSNorm()
        (self_attn): MultiheadAttention(
          (out_proj): NonDynamicallyQuantizableLinear(in_features=128, out_features=128, bias=True)
        )
        (attn_dropout): Dropout(p=0.1, inplace=False)
        (ffn_norm): RMSNorm()
        (ffn): SwiGLUFFN(
          (fc1): Linear(in_features=128, out_features=1024, bias=True)
          (act): SwiGLU()
          (fc2): Linear(in_features=512, out_features=128, bias=True)
          (dropout): Dropout(p=0.1, inplace=False)
        )
      )
    )
  )
  (cls_pooling): CLSPooling(
    (layers): ModuleList(
      (0-1): 2 x ClassAttentionBlock(
        (query_norm): LayerNorm((128,), eps=1e-05, elementwise_affine=True)
        (context_norm): LayerNorm((128,), eps=1e-05, elementwise_affine=True)
        (attn): MultiheadAttention(
          (out_proj): NonDynamicallyQuantizableLinear(in_features=128, out_features=128, bias=True)
        )
        (attn_dropout): Dropout(p=0.0, inplace=False)
        (ffn_norm): LayerNorm((128,), eps=1e-05, elementwise_affine=True)
        (ffn): Sequential(
          (0): Linear(in_features=128, out_features=512, bias=True)
          (1): GELU(approximate='none')
          (2): Dropout(p=0.0, inplace=False)
          (3): Linear(in_features=512, out_features=128, bias=True)
          (4): Dropout(p=0.0, inplace=False)
        )
      )
    )
  )
  (representation_head): RepresentationHead(
    (net): Sequential(
      (0): RMSNorm()
      (1): Linear(in_features=128, out_features=128, bias=True)
      (2): SiLU()
      (3): Dropout(p=0.1, inplace=False)
      (4): Linear(in_features=128, out_features=128, bias=True)
    )
  )
  (augmentation): MultiViewAugmentation()
  (negative_augmentation): CorruptedNegativeAugmentation()
  (loss): LeJEPASIGRegTripletLoss(
    (lejepa_loss): LeJEPASIGRegLoss(
      (sigreg_loss_fn): SlicingUnivariateTest(
        (univariate_test): EppsPulley()
      )
    )
  )
)
Model summary:
LeJEPATripletParticleTransformerRepresentation(
  (node_embedding): NodeEmbedding(
    (net): Sequential(
      (0): Linear(in_features=16, out_features=128, bias=True)
      (1): GELU(approximate='none')
      (2): LayerNorm((128,), eps=1e-05, elementwise_affine=True)
      (3): Linear(in_features=128, out_features=512, bias=True)
      (4): GELU(approximate='none')
      (5): LayerNorm((512,), eps=1e-05, elementwise_affine=True)
      (6): Linear(in_features=512, out_features=128, bias=True)
      (7): Dropout(p=0.1, inplace=False)
    )
  )
  (pairwise_bias): PairwiseAttentionBias(
    (mlp): Sequential(
      (0): RMSNorm()
      (1): Linear(in_features=4, out_features=64, bias=True)
      (2): SiLU()
      (3): Dropout(p=0.1, inplace=False)
      (4): Linear(in_features=64, out_features=64, bias=True)
      (5): SiLU()
      (6): Dropout(p=0.1, inplace=False)
      (7): Linear(in_features=64, out_features=8, bias=True)
    )
  )
  (encoder): ParticleTransformerEncoder(
    (layers): ModuleList(
      (0-7): 8 x ParticleTransformerBlock(
        (attn_norm): RMSNorm()
        (self_attn): MultiheadAttention(
          (out_proj): NonDynamicallyQuantizableLinear(in_features=128, out_features=128, bias=True)
        )
        (attn_dropout): Dropout(p=0.1, inplace=False)
        (ffn_norm): RMSNorm()
        (ffn): SwiGLUFFN(
          (fc1): Linear(in_features=128, out_features=1024, bias=True)
          (act): SwiGLU()
          (fc2): Linear(in_features=512, out_features=128, bias=True)
          (dropout): Dropout(p=0.1, inplace=False)
        )
      )
    )
  )
  (cls_pooling): CLSPooling(
    (layers): ModuleList(
      (0-1): 2 x ClassAttentionBlock(
        (query_norm): LayerNorm((128,), eps=1e-05, elementwise_affine=True)
        (context_norm): LayerNorm((128,), eps=1e-05, elementwise_affine=True)
        (attn): MultiheadAttention(
          (out_proj): NonDynamicallyQuantizableLinear(in_features=128, out_features=128, bias=True)
        )
        (attn_dropout): Dropout(p=0.0, inplace=False)
        (ffn_norm): LayerNorm((128,), eps=1e-05, elementwise_affine=True)
        (ffn): Sequential(
          (0): Linear(in_features=128, out_features=512, bias=True)
          (1): GELU(approximate='none')
          (2): Dropout(p=0.0, inplace=False)
          (3): Linear(in_features=512, out_features=128, bias=True)
          (4): Dropout(p=0.0, inplace=False)
        )
      )
    )
  )
  (representation_head): RepresentationHead(
    (net): Sequential(
      (0): RMSNorm()
      (1): Linear(in_features=128, out_features=128, bias=True)
      (2): SiLU()
      (3): Dropout(p=0.1, inplace=False)
      (4): Linear(in_features=128, out_features=128, bias=True)
    )
  )
  (augmentation): MultiViewAugmentation()
  (negative_augmentation): CorruptedNegativeAugmentation()
  (loss): LeJEPASIGRegTripletLoss(
    (lejepa_loss): LeJEPASIGRegLoss(
      (sigreg_loss_fn): SlicingUnivariateTest(
        (univariate_test): EppsPulley()
      )
    )
  )
)
Number of trainable parameters: 2683020
Number of trainable parameters: 2683020
Initialized run summary at plots/run-lejepa-trip-part-prob-aug-fracb-augb-4n/summary.json

Epoch [1/100]
Learning rate: 1.2787724e-07
Saved new best model to plots/run-lejepa-trip-part-prob-aug-fracb-augb-4n/best_model.pth
Collecting background train latents...
Collecting background validation latents...
Collecting signal latents...
Background train latents: (99979, 128)
Background val latents: (24995, 128)
Signal latents: (4064, 128)
Mahalanobis metrics saved to plots/run-lejepa-trip-part-prob-aug-fracb-augb-4n/mahalanobis_eval/epoch_0001/mahalanobis_metrics.json
Mahalanobis AUC, QCD train vs WJet: 0.528767
Mahalanobis AUC, QCD val vs WJet: 0.529065
Mahalanobis AUC, QCD train vs WJet: 0.528767
Mahalanobis AUC, QCD val vs WJet: 0.529065
Epoch 1 train losses: {'total_loss': 1.9683811177149453, 'invariant_loss': 0.29357581824788354, 'sigreg_loss': 80.49968030690538, 'triplet_loss': 0.6487020934786638, 'triplet_pos_distance': 0.08987411965385003, 'triplet_neg_distance': 0.5115713282390628}
Epoch 1 val losses: {'total_loss': 0.9728767221071282, 'invariant_loss': 0.20335535210918407, 'sigreg_loss': 36.293048469387756, 'triplet_loss': 0.4376105348370513, 'triplet_pos_distance': 0.049145657977811535, 'triplet_neg_distance': 0.8942393104032594}
Updated run summary at plots/run-lejepa-trip-part-prob-aug-fracb-augb-4n/summary.json

Epoch [2/100]
Learning rate: 0.00010012788
Saved new best model to plots/run-lejepa-trip-part-prob-aug-fracb-augb-4n/best_model.pth
Collecting background train latents...
Collecting background validation latents...
Collecting signal latents...
Background train latents: (99979, 128)
Background val latents: (24995, 128)
Signal latents: (4064, 128)
Mahalanobis metrics saved to plots/run-lejepa-trip-part-prob-aug-fracb-augb-4n/mahalanobis_eval/epoch_0002/mahalanobis_metrics.json
Mahalanobis AUC, QCD train vs WJet: 0.553005
Mahalanobis AUC, QCD val vs WJet: 0.553226
Mahalanobis AUC, QCD train vs WJet: 0.553005
Mahalanobis AUC, QCD val vs WJet: 0.553226
Epoch 2 train losses: {'total_loss': 0.7525737583637238, 'invariant_loss': 0.24317588014980715, 'sigreg_loss': 23.524656329923275, 'triplet_loss': 0.3893015169350387, 'triplet_pos_distance': 0.0747192872550024, 'triplet_neg_distance': 1.045284877805149}
Epoch 2 val losses: {'total_loss': 0.6689198854930547, 'invariant_loss': 0.16053939321819616, 'sigreg_loss': 23.449936224489797, 'triplet_loss': 0.39476035824235606, 'triplet_pos_distance': 0.03922778259658692, 'triplet_neg_distance': 1.0411289933384682}
Updated run summary at plots/run-lejepa-trip-part-prob-aug-fracb-augb-4n/summary.json

Epoch [3/100]
Learning rate: 0.00020012788
Saved new best model to plots/run-lejepa-trip-part-prob-aug-fracb-augb-4n/best_model.pth
Collecting background train latents...
Collecting background validation latents...
Collecting signal latents...
Background train latents: (99979, 128)
Background val latents: (24995, 128)
Signal latents: (4064, 128)
Mahalanobis metrics saved to plots/run-lejepa-trip-part-prob-aug-fracb-augb-4n/mahalanobis_eval/epoch_0003/mahalanobis_metrics.json
Mahalanobis AUC, QCD train vs WJet: 0.560299
Mahalanobis AUC, QCD val vs WJet: 0.560719
Mahalanobis AUC, QCD train vs WJet: 0.560299
Mahalanobis AUC, QCD val vs WJet: 0.560719
Epoch 3 train losses: {'total_loss': 0.6012413353108994, 'invariant_loss': 0.23562314801508813, 'sigreg_loss': 16.531010230179028, 'triplet_loss': 0.3498934178858462, 'triplet_pos_distance': 0.073532158599409, 'triplet_neg_distance': 1.1723151106358793}
Epoch 3 val losses: {'total_loss': 0.5395851821011427, 'invariant_loss': 0.1633130687155894, 'sigreg_loss': 17.050701530612244, 'triplet_loss': 0.3527243011155907, 'triplet_pos_distance': 0.039007033877150744, 'triplet_neg_distance': 1.1531527696215376}
Updated run summary at plots/run-lejepa-trip-part-prob-aug-fracb-augb-4n/summary.json

Epoch [4/100]
Learning rate: 0.00030012788
Saved new best model to plots/run-lejepa-trip-part-prob-aug-fracb-augb-4n/best_model.pth
Collecting background train latents...
Collecting background validation latents...
Collecting signal latents...
Background train latents: (99979, 128)
Background val latents: (24995, 128)
Signal latents: (4064, 128)
Mahalanobis metrics saved to plots/run-lejepa-trip-part-prob-aug-fracb-augb-4n/mahalanobis_eval/epoch_0004/mahalanobis_metrics.json
Mahalanobis AUC, QCD train vs WJet: 0.567379
Mahalanobis AUC, QCD val vs WJet: 0.568457
Mahalanobis AUC, QCD train vs WJet: 0.567379
Mahalanobis AUC, QCD val vs WJet: 0.568457
Epoch 4 train losses: {'total_loss': 0.5456874933846466, 'invariant_loss': 0.23350731302481478, 'sigreg_loss': 14.01886189258312, 'triplet_loss': 0.3180246751402955, 'triplet_pos_distance': 0.07306542378061873, 'triplet_neg_distance': 1.2210524189655128}
Epoch 4 val losses: {'total_loss': 0.4748558028011906, 'invariant_loss': 0.15209901842231655, 'sigreg_loss': 14.502710459183673, 'triplet_loss': 0.3266789415965275, 'triplet_pos_distance': 0.03670803180002436, 'triplet_neg_distance': 1.1685201623001877}
Updated run summary at plots/run-lejepa-trip-part-prob-aug-fracb-augb-4n/summary.json

Epoch [5/100]
Learning rate: 0.00040012788
Saved new best model to plots/run-lejepa-trip-part-prob-aug-fracb-augb-4n/best_model.pth
Collecting background train latents...
Collecting background validation latents...
Collecting signal latents...
Background train latents: (99979, 128)
Background val latents: (24995, 128)
Signal latents: (4064, 128)
Mahalanobis metrics saved to plots/run-lejepa-trip-part-prob-aug-fracb-augb-4n/mahalanobis_eval/epoch_0005/mahalanobis_metrics.json
Mahalanobis AUC, QCD train vs WJet: 0.571236
Mahalanobis AUC, QCD val vs WJet: 0.572957
Mahalanobis AUC, QCD train vs WJet: 0.571236
Mahalanobis AUC, QCD val vs WJet: 0.572957
Epoch 5 train losses: {'total_loss': 0.5092249301159778, 'invariant_loss': 0.22836108000763236, 'sigreg_loss': 12.569253516624041, 'triplet_loss': 0.29477053551036686, 'triplet_pos_distance': 0.07102692010038344, 'triplet_neg_distance': 1.24887167797674}
Epoch 5 val losses: {'total_loss': 0.4529989215792442, 'invariant_loss': 0.1622975238655903, 'sigreg_loss': 13.095344387755102, 'triplet_loss': 0.2884811773440059, 'triplet_pos_distance': 0.037825870916855575, 'triplet_neg_distance': 1.2622271405190837}
Updated run summary at plots/run-lejepa-trip-part-prob-aug-fracb-augb-4n/summary.json

Epoch [6/100]
Learning rate: 0.00050012788
Saved new best model to plots/run-lejepa-trip-part-prob-aug-fracb-augb-4n/best_model.pth
Collecting background train latents...
Collecting background validation latents...
Collecting signal latents...
Background train latents: (99979, 128)
Background val latents: (24995, 128)
Signal latents: (4064, 128)
Mahalanobis metrics saved to plots/run-lejepa-trip-part-prob-aug-fracb-augb-4n/mahalanobis_eval/epoch_0006/mahalanobis_metrics.json
Mahalanobis AUC, QCD train vs WJet: 0.566990
Mahalanobis AUC, QCD val vs WJet: 0.569163
Mahalanobis AUC, QCD train vs WJet: 0.566990
Mahalanobis AUC, QCD val vs WJet: 0.569163
Epoch 6 train losses: {'total_loss': 0.48169039746227166, 'invariant_loss': 0.22303174615211194, 'sigreg_loss': 11.557864450127877, 'triplet_loss': 0.2751991684022157, 'triplet_pos_distance': 0.06909023962743446, 'triplet_neg_distance': 1.2865006205675853}
Epoch 6 val losses: {'total_loss': 0.4448240458661196, 'invariant_loss': 0.15323208295265023, 'sigreg_loss': 13.15561224489796, 'triplet_loss': 0.284482263104648, 'triplet_pos_distance': 0.035320869627959876, 'triplet_neg_distance': 1.1991629557950156}
Updated run summary at plots/run-lejepa-trip-part-prob-aug-fracb-augb-4n/summary.json

Epoch [7/100]
Learning rate: 0.00060012788
Saved new best model to plots/run-lejepa-trip-part-prob-aug-fracb-augb-4n/best_model.pth
Collecting background train latents...
Collecting background validation latents...
Collecting signal latents...
Background train latents: (99979, 128)
Background val latents: (24995, 128)
Signal latents: (4064, 128)
Mahalanobis metrics saved to plots/run-lejepa-trip-part-prob-aug-fracb-augb-4n/mahalanobis_eval/epoch_0007/mahalanobis_metrics.json
Mahalanobis AUC, QCD train vs WJet: 0.556601
Mahalanobis AUC, QCD val vs WJet: 0.557893
Mahalanobis AUC, QCD train vs WJet: 0.556601
Mahalanobis AUC, QCD val vs WJet: 0.557893
Epoch 7 train losses: {'total_loss': 0.4661198164648412, 'invariant_loss': 0.2198338050328557, 'sigreg_loss': 10.991648017902813, 'triplet_loss': 0.26456420247435875, 'triplet_pos_distance': 0.06757097141078823, 'triplet_neg_distance': 1.3126611697399402}
Epoch 7 val losses: {'total_loss': 0.42320883030794104, 'invariant_loss': 0.1519251544104547, 'sigreg_loss': 12.176179846938776, 'triplet_loss': 0.27770838650817775, 'triplet_pos_distance': 0.03523448550579499, 'triplet_neg_distance': 1.2060474242482866}
Updated run summary at plots/run-lejepa-trip-part-prob-aug-fracb-augb-4n/summary.json

Epoch [8/100]
Learning rate: 0.00070012788
Collecting background train latents...
Collecting background validation latents...
Collecting signal latents...
Background train latents: (99979, 128)
Background val latents: (24995, 128)
Signal latents: (4064, 128)
Mahalanobis metrics saved to plots/run-lejepa-trip-part-prob-aug-fracb-augb-4n/mahalanobis_eval/epoch_0008/mahalanobis_metrics.json
Mahalanobis AUC, QCD train vs WJet: 0.567788
Mahalanobis AUC, QCD val vs WJet: 0.569742
Mahalanobis AUC, QCD train vs WJet: 0.567788
Mahalanobis AUC, QCD val vs WJet: 0.569742
Epoch 8 train losses: {'total_loss': 0.45486513683405677, 'invariant_loss': 0.2173081516190563, 'sigreg_loss': 10.603660485933505, 'triplet_loss': 0.25477453439360687, 'triplet_pos_distance': 0.06631589326007134, 'triplet_neg_distance': 1.329820876841045}
Epoch 8 val losses: {'total_loss': 0.42411195730068246, 'invariant_loss': 0.14334912396663305, 'sigreg_loss': 12.647002551020408, 'triplet_loss': 0.27828159890308674, 'triplet_pos_distance': 0.034026372902171344, 'triplet_neg_distance': 1.2008038169267226}
Updated run summary at plots/run-lejepa-trip-part-prob-aug-fracb-augb-4n/summary.json

Epoch [9/100]
Learning rate: 0.00080012788
Saved new best model to plots/run-lejepa-trip-part-prob-aug-fracb-augb-4n/best_model.pth
Collecting background train latents...
Collecting background validation latents...
Collecting signal latents...
Background train latents: (99979, 128)
Background val latents: (24995, 128)
Signal latents: (4064, 128)
Mahalanobis metrics saved to plots/run-lejepa-trip-part-prob-aug-fracb-augb-4n/mahalanobis_eval/epoch_0009/mahalanobis_metrics.json
Mahalanobis AUC, QCD train vs WJet: 0.568004
Mahalanobis AUC, QCD val vs WJet: 0.569199
Mahalanobis AUC, QCD train vs WJet: 0.568004
Mahalanobis AUC, QCD val vs WJet: 0.569199
Epoch 9 train losses: {'total_loss': 0.4428160337307264, 'invariant_loss': 0.2167150635281792, 'sigreg_loss': 10.09910485933504, 'triplet_loss': 0.24125487538402343, 'triplet_pos_distance': 0.0662948071118206, 'triplet_neg_distance': 1.3573938065477649}
Epoch 9 val losses: {'total_loss': 0.39496806872134305, 'invariant_loss': 0.152670324456935, 'sigreg_loss': 10.831313775510203, 'triplet_loss': 0.2568023613064873, 'triplet_pos_distance': 0.03585801166672336, 'triplet_neg_distance': 1.2551445906259575}
Updated run summary at plots/run-lejepa-trip-part-prob-aug-fracb-augb-4n/summary.json

Epoch [10/100]
Learning rate: 0.00090012788
Saved new best model to plots/run-lejepa-trip-part-prob-aug-fracb-augb-4n/best_model.pth
Collecting background train latents...
Collecting background validation latents...
Collecting signal latents...
Background train latents: (99979, 128)
Background val latents: (24995, 128)
Signal latents: (4064, 128)
Mahalanobis metrics saved to plots/run-lejepa-trip-part-prob-aug-fracb-augb-4n/mahalanobis_eval/epoch_0010/mahalanobis_metrics.json
Mahalanobis AUC, QCD train vs WJet: 0.571412
Mahalanobis AUC, QCD val vs WJet: 0.573941
Mahalanobis AUC, QCD train vs WJet: 0.571412
Mahalanobis AUC, QCD val vs WJet: 0.573941
Epoch 10 train losses: {'total_loss': 0.43434729943494965, 'invariant_loss': 0.21447088902868577, 'sigreg_loss': 9.780490728900256, 'triplet_loss': 0.24261697875264357, 'triplet_pos_distance': 0.0651366675839476, 'triplet_neg_distance': 1.3640964723304105}
Epoch 10 val losses: {'total_loss': 0.393765175981181, 'invariant_loss': 0.15022186839915053, 'sigreg_loss': 10.9453125, 'triplet_loss': 0.24658777853664088, 'triplet_pos_distance': 0.03509346916511351, 'triplet_neg_distance': 1.270357784568047}
Updated run summary at plots/run-lejepa-trip-part-prob-aug-fracb-augb-4n/summary.json

Epoch [11/100]
Learning rate: 0.001
Saved new best model to plots/run-lejepa-trip-part-prob-aug-fracb-augb-4n/best_model.pth
Collecting background train latents...
Collecting background validation latents...
Collecting signal latents...
Background train latents: (99979, 128)
Background val latents: (24995, 128)
Signal latents: (4064, 128)
Mahalanobis metrics saved to plots/run-lejepa-trip-part-prob-aug-fracb-augb-4n/mahalanobis_eval/epoch_0011/mahalanobis_metrics.json
Mahalanobis AUC, QCD train vs WJet: 0.568055
Mahalanobis AUC, QCD val vs WJet: 0.568862
Mahalanobis AUC, QCD train vs WJet: 0.568055
Mahalanobis AUC, QCD val vs WJet: 0.568862
Epoch 11 train losses: {'total_loss': 0.4247308365066948, 'invariant_loss': 0.213894782182963, 'sigreg_loss': 9.397098785166241, 'triplet_loss': 0.2288710705345244, 'triplet_pos_distance': 0.06510435772197479, 'triplet_neg_distance': 1.376329883894957}
Epoch 11 val losses: {'total_loss': 0.3733665657286741, 'invariant_loss': 0.15913885056364294, 'sigreg_loss': 9.57732780612245, 'triplet_loss': 0.22676971782835162, 'triplet_pos_distance': 0.03759723378117291, 'triplet_neg_distance': 1.3754315181654326}
Updated run summary at plots/run-lejepa-trip-part-prob-aug-fracb-augb-4n/summary.json

Epoch [12/100]
Learning rate: 0.00099969572
Saved new best model to plots/run-lejepa-trip-part-prob-aug-fracb-augb-4n/best_model.pth
Collecting background train latents...
Collecting background validation latents...
Collecting signal latents...
Background train latents: (99979, 128)
Background val latents: (24995, 128)
Signal latents: (4064, 128)
Mahalanobis metrics saved to plots/run-lejepa-trip-part-prob-aug-fracb-augb-4n/mahalanobis_eval/epoch_0012/mahalanobis_metrics.json
Mahalanobis AUC, QCD train vs WJet: 0.561555
Mahalanobis AUC, QCD val vs WJet: 0.563150
Mahalanobis AUC, QCD train vs WJet: 0.561555
Mahalanobis AUC, QCD val vs WJet: 0.563150
Epoch 12 train losses: {'total_loss': 0.41684630429348374, 'invariant_loss': 0.2123226329036381, 'sigreg_loss': 9.100203804347826, 'triplet_loss': 0.2252557493955888, 'triplet_pos_distance': 0.0644033993344249, 'triplet_neg_distance': 1.3830180741332072}
Epoch 12 val losses: {'total_loss': 0.3658264732482482, 'invariant_loss': 0.15162453598970052, 'sigreg_loss': 9.588807397959183, 'triplet_loss': 0.22431963986280012, 'triplet_pos_distance': 0.03554928298963576, 'triplet_neg_distance': 1.3475582070496617}
Updated run summary at plots/run-lejepa-trip-part-prob-aug-fracb-augb-4n/summary.json

Epoch [13/100]
Learning rate: 0.00099878324
Collecting background train latents...
Collecting background validation latents...
Collecting signal latents...
Background train latents: (99979, 128)
Background val latents: (24995, 128)
Signal latents: (4064, 128)
Mahalanobis metrics saved to plots/run-lejepa-trip-part-prob-aug-fracb-augb-4n/mahalanobis_eval/epoch_0013/mahalanobis_metrics.json
Mahalanobis AUC, QCD train vs WJet: 0.561820
Mahalanobis AUC, QCD val vs WJet: 0.564628
Mahalanobis AUC, QCD train vs WJet: 0.561820
Mahalanobis AUC, QCD val vs WJet: 0.564628
Epoch 13 train losses: {'total_loss': 0.41023267058612745, 'invariant_loss': 0.2123607319143727, 'sigreg_loss': 8.852941176470589, 'triplet_loss': 0.20815035640774177, 'triplet_pos_distance': 0.06448577186259467, 'triplet_neg_distance': 1.4021875326285886}
Epoch 13 val losses: {'total_loss': 0.37954267114400864, 'invariant_loss': 0.1424927913716861, 'sigreg_loss': 10.730548469387756, 'triplet_loss': 0.22405426120575594, 'triplet_pos_distance': 0.03352313259692521, 'triplet_neg_distance': 1.27318290605837}
Updated run summary at plots/run-lejepa-trip-part-prob-aug-fracb-augb-4n/summary.json

Epoch [14/100]
Learning rate: 0.00099726369
Collecting background train latents...
Collecting background validation latents...
Collecting signal latents...
Background train latents: (99979, 128)
Background val latents: (24995, 128)
Signal latents: (4064, 128)
Mahalanobis metrics saved to plots/run-lejepa-trip-part-prob-aug-fracb-augb-4n/mahalanobis_eval/epoch_0014/mahalanobis_metrics.json
Mahalanobis AUC, QCD train vs WJet: 0.557570
Mahalanobis AUC, QCD val vs WJet: 0.558694
Mahalanobis AUC, QCD train vs WJet: 0.557570
Mahalanobis AUC, QCD val vs WJet: 0.558694
Epoch 14 train losses: {'total_loss': 0.4072595412087867, 'invariant_loss': 0.21077189737421168, 'sigreg_loss': 8.812020460358056, 'triplet_loss': 0.20241836749989053, 'triplet_pos_distance': 0.06406198390056868, 'triplet_neg_distance': 1.4231813475299064}
Epoch 14 val losses: {'total_loss': 0.3681879408505498, 'invariant_loss': 0.1409973555757683, 'sigreg_loss': 10.251275510204081, 'triplet_loss': 0.22192174538361784, 'triplet_pos_distance': 0.034298406120351684, 'triplet_neg_distance': 1.316121724795322}
Updated run summary at plots/run-lejepa-trip-part-prob-aug-fracb-augb-4n/summary.json

Epoch [15/100]
Learning rate: 0.0009951389
Saved new best model to plots/run-lejepa-trip-part-prob-aug-fracb-augb-4n/best_model.pth
Collecting background train latents...
Collecting background validation latents...
Collecting signal latents...
Background train latents: (99979, 128)
Background val latents: (24995, 128)
Signal latents: (4064, 128)
Mahalanobis metrics saved to plots/run-lejepa-trip-part-prob-aug-fracb-augb-4n/mahalanobis_eval/epoch_0015/mahalanobis_metrics.json
Mahalanobis AUC, QCD train vs WJet: 0.581863
Mahalanobis AUC, QCD val vs WJet: 0.582091
Mahalanobis AUC, QCD train vs WJet: 0.581863
Mahalanobis AUC, QCD val vs WJet: 0.582091
Epoch 15 train losses: {'total_loss': 0.4037233588411985, 'invariant_loss': 0.2097256010222008, 'sigreg_loss': 8.731118126598465, 'triplet_loss': 0.19392251284302348, 'triplet_pos_distance': 0.06320202184836272, 'triplet_neg_distance': 1.4229288159124076}
Epoch 15 val losses: {'total_loss': 0.36326121888598617, 'invariant_loss': 0.14203792122401754, 'sigreg_loss': 10.025191326530612, 'triplet_loss': 0.20729035443189192, 'triplet_pos_distance': 0.03388197675385341, 'triplet_neg_distance': 1.337894012125171}
Updated run summary at plots/run-lejepa-trip-part-prob-aug-fracb-augb-4n/summary.json

Epoch [16/100]
Learning rate: 0.00099241147
Saved new best model to plots/run-lejepa-trip-part-prob-aug-fracb-augb-4n/best_model.pth
Collecting background train latents...
Collecting background validation latents...
Collecting signal latents...
Background train latents: (99979, 128)
Background val latents: (24995, 128)
Signal latents: (4064, 128)
Mahalanobis metrics saved to plots/run-lejepa-trip-part-prob-aug-fracb-augb-4n/mahalanobis_eval/epoch_0016/mahalanobis_metrics.json
Mahalanobis AUC, QCD train vs WJet: 0.585063
Mahalanobis AUC, QCD val vs WJet: 0.589825
Mahalanobis AUC, QCD train vs WJet: 0.585063
Mahalanobis AUC, QCD val vs WJet: 0.589825
Epoch 16 train losses: {'total_loss': 0.3998769989327701, 'invariant_loss': 0.20746835286888626, 'sigreg_loss': 8.66078564578005, 'triplet_loss': 0.19176196529889655, 'triplet_pos_distance': 0.06321748760540771, 'triplet_neg_distance': 1.42756959712109}
Epoch 16 val losses: {'total_loss': 0.3593975568608362, 'invariant_loss': 0.1408110484100726, 'sigreg_loss': 9.936543367346939, 'triplet_loss': 0.19863511409078324, 'triplet_pos_distance': 0.032670135590799, 'triplet_neg_distance': 1.3340671019894736}
Updated run summary at plots/run-lejepa-trip-part-prob-aug-fracb-augb-4n/summary.json

Epoch [17/100]
Learning rate: 0.00098908473
Collecting background train latents...
Collecting background validation latents...
Collecting signal latents...
Background train latents: (99979, 128)
Background val latents: (24995, 128)
Signal latents: (4064, 128)
Mahalanobis metrics saved to plots/run-lejepa-trip-part-prob-aug-fracb-augb-4n/mahalanobis_eval/epoch_0017/mahalanobis_metrics.json
Mahalanobis AUC, QCD train vs WJet: 0.594346
Mahalanobis AUC, QCD val vs WJet: 0.596331
Mahalanobis AUC, QCD train vs WJet: 0.594346
Mahalanobis AUC, QCD val vs WJet: 0.596331
Epoch 17 train losses: {'total_loss': 0.3935702509434937, 'invariant_loss': 0.2056277748530783, 'sigreg_loss': 8.484814578005116, 'triplet_loss': 0.18265988050824236, 'triplet_pos_distance': 0.0625438804278517, 'triplet_neg_distance': 1.4533427452187404}
Epoch 17 val losses: {'total_loss': 0.36163362556574297, 'invariant_loss': 0.13616226488078126, 'sigreg_loss': 10.315369897959183, 'triplet_loss': 0.19172529222405688, 'triplet_pos_distance': 0.03247938252871438, 'triplet_neg_distance': 1.3351441494056158}
Updated run summary at plots/run-lejepa-trip-part-prob-aug-fracb-augb-4n/summary.json

Epoch [18/100]
Learning rate: 0.00098516272
Saved new best model to plots/run-lejepa-trip-part-prob-aug-fracb-augb-4n/best_model.pth
Collecting background train latents...
Collecting background validation latents...
Collecting signal latents...
Background train latents: (99979, 128)
Background val latents: (24995, 128)
Signal latents: (4064, 128)
Mahalanobis metrics saved to plots/run-lejepa-trip-part-prob-aug-fracb-augb-4n/mahalanobis_eval/epoch_0018/mahalanobis_metrics.json
Mahalanobis AUC, QCD train vs WJet: 0.600281
Mahalanobis AUC, QCD val vs WJet: 0.601907
Mahalanobis AUC, QCD train vs WJet: 0.600281
Mahalanobis AUC, QCD val vs WJet: 0.601907
Epoch 18 train losses: {'total_loss': 0.39133945557162586, 'invariant_loss': 0.20266200196178977, 'sigreg_loss': 8.583339993606138, 'triplet_loss': 0.17014746204056702, 'triplet_pos_distance': 0.061998600025882804, 'triplet_neg_distance': 1.4696299038884584}
Epoch 18 val losses: {'total_loss': 0.355820184307439, 'invariant_loss': 0.1392387257394742, 'sigreg_loss': 9.98357780612245, 'triplet_loss': 0.16894355773621675, 'triplet_pos_distance': 0.032584053711319456, 'triplet_neg_distance': 1.3872946744062462}
Updated run summary at plots/run-lejepa-trip-part-prob-aug-fracb-augb-4n/summary.json

Epoch [19/100]
Learning rate: 0.00098065022
Saved new best model to plots/run-lejepa-trip-part-prob-aug-fracb-augb-4n/best_model.pth
Collecting background train latents...
Collecting background validation latents...
Collecting signal latents...
Background train latents: (99979, 128)
Background val latents: (24995, 128)
Signal latents: (4064, 128)
Mahalanobis metrics saved to plots/run-lejepa-trip-part-prob-aug-fracb-augb-4n/mahalanobis_eval/epoch_0019/mahalanobis_metrics.json
Mahalanobis AUC, QCD train vs WJet: 0.628207
Mahalanobis AUC, QCD val vs WJet: 0.629727
Mahalanobis AUC, QCD train vs WJet: 0.628207
Mahalanobis AUC, QCD val vs WJet: 0.629727
Epoch 19 train losses: {'total_loss': 0.386507653061996, 'invariant_loss': 0.19965766654218858, 'sigreg_loss': 8.508192135549873, 'triplet_loss': 0.16669606021069505, 'triplet_pos_distance': 0.06090942491560489, 'triplet_neg_distance': 1.4826217014771288}
Epoch 19 val losses: {'total_loss': 0.34494571372562527, 'invariant_loss': 0.13890139804202684, 'sigreg_loss': 9.409917091836734, 'triplet_loss': 0.17849259618289617, 'triplet_pos_distance': 0.033630589783495785, 'triplet_neg_distance': 1.432059292282377}
Updated run summary at plots/run-lejepa-trip-part-prob-aug-fracb-augb-4n/summary.json

Epoch [20/100]
Learning rate: 0.00097555273
Saved new best model to plots/run-lejepa-trip-part-prob-aug-fracb-augb-4n/best_model.pth
Collecting background train latents...
Collecting background validation latents...
Collecting signal latents...
Background train latents: (99979, 128)
Background val latents: (24995, 128)
Signal latents: (4064, 128)
Mahalanobis metrics saved to plots/run-lejepa-trip-part-prob-aug-fracb-augb-4n/mahalanobis_eval/epoch_0020/mahalanobis_metrics.json
Mahalanobis AUC, QCD train vs WJet: 0.595499
Mahalanobis AUC, QCD val vs WJet: 0.596617
Mahalanobis AUC, QCD train vs WJet: 0.595499
Mahalanobis AUC, QCD val vs WJet: 0.596617
Epoch 20 train losses: {'total_loss': 0.3851934741906193, 'invariant_loss': 0.19891028493033042, 'sigreg_loss': 8.496203644501279, 'triplet_loss': 0.16361935902625094, 'triplet_pos_distance': 0.060797383822977086, 'triplet_neg_distance': 1.489237633507575}
Epoch 20 val losses: {'total_loss': 0.3399592344554103, 'invariant_loss': 0.14124641217747513, 'sigreg_loss': 9.10953443877551, 'triplet_loss': 0.16504194302370354, 'triplet_pos_distance': 0.03344555041391631, 'triplet_neg_distance': 1.3987302792315581}
Updated run summary at plots/run-lejepa-trip-part-prob-aug-fracb-augb-4n/summary.json

Epoch [21/100]
Learning rate: 0.00096987646
Collecting background train latents...
Collecting background validation latents...
Collecting signal latents...
Background train latents: (99979, 128)
Background val latents: (24995, 128)
Signal latents: (4064, 128)
Mahalanobis metrics saved to plots/run-lejepa-trip-part-prob-aug-fracb-augb-4n/mahalanobis_eval/epoch_0021/mahalanobis_metrics.json
Mahalanobis AUC, QCD train vs WJet: 0.628441
Mahalanobis AUC, QCD val vs WJet: 0.630795
Mahalanobis AUC, QCD train vs WJet: 0.628441
Mahalanobis AUC, QCD val vs WJet: 0.630795
Epoch 21 train losses: {'total_loss': 0.3837542372286472, 'invariant_loss': 0.19771272984459576, 'sigreg_loss': 8.486033407928389, 'triplet_loss': 0.16313193809917514, 'triplet_pos_distance': 0.060647250436570335, 'triplet_neg_distance': 1.499364504271456}
Epoch 21 val losses: {'total_loss': 0.34485565810179225, 'invariant_loss': 0.1323694056850307, 'sigreg_loss': 9.78874362244898, 'triplet_loss': 0.1674027606388744, 'triplet_pos_distance': 0.03101149727875481, 'triplet_neg_distance': 1.3726153659577272}
Updated run summary at plots/run-lejepa-trip-part-prob-aug-fracb-augb-4n/summary.json

Epoch [22/100]
Learning rate: 0.00096362834
Saved new best model to plots/run-lejepa-trip-part-prob-aug-fracb-augb-4n/best_model.pth
Collecting background train latents...
Collecting background validation latents...
Collecting signal latents...
Background train latents: (99979, 128)
Background val latents: (24995, 128)
Signal latents: (4064, 128)
Mahalanobis metrics saved to plots/run-lejepa-trip-part-prob-aug-fracb-augb-4n/mahalanobis_eval/epoch_0022/mahalanobis_metrics.json
Mahalanobis AUC, QCD train vs WJet: 0.612472
Mahalanobis AUC, QCD val vs WJet: 0.612851
Mahalanobis AUC, QCD train vs WJet: 0.612472
Mahalanobis AUC, QCD val vs WJet: 0.612851
Epoch 22 train losses: {'total_loss': 0.38052787467875443, 'invariant_loss': 0.19454779382556905, 'sigreg_loss': 8.495923913043478, 'triplet_loss': 0.1606319724293926, 'triplet_pos_distance': 0.05977068625657302, 'triplet_neg_distance': 1.5127554276715154}
Epoch 22 val losses: {'total_loss': 0.3395936139384095, 'invariant_loss': 0.13375570693490457, 'sigreg_loss': 9.423788265306122, 'triplet_loss': 0.17336430955602197, 'triplet_pos_distance': 0.031046607493593985, 'triplet_neg_distance': 1.3945171480276146}
Updated run summary at plots/run-lejepa-trip-part-prob-aug-fracb-augb-4n/summary.json

Epoch [23/100]
Learning rate: 0.00095681596
Saved new best model to plots/run-lejepa-trip-part-prob-aug-fracb-augb-4n/best_model.pth
Collecting background train latents...
Collecting background validation latents...
Collecting signal latents...
Background train latents: (99979, 128)
Background val latents: (24995, 128)
Signal latents: (4064, 128)
Mahalanobis metrics saved to plots/run-lejepa-trip-part-prob-aug-fracb-augb-4n/mahalanobis_eval/epoch_0023/mahalanobis_metrics.json
Mahalanobis AUC, QCD train vs WJet: 0.619866
Mahalanobis AUC, QCD val vs WJet: 0.620745
Mahalanobis AUC, QCD train vs WJet: 0.619866
Mahalanobis AUC, QCD val vs WJet: 0.620745
Epoch 23 train losses: {'total_loss': 0.375760274088901, 'invariant_loss': 0.19238628734789237, 'sigreg_loss': 8.397458439897699, 'triplet_loss': 0.1543020988573961, 'triplet_pos_distance': 0.059040910233279016, 'triplet_neg_distance': 1.5315850195677385}
Epoch 23 val losses: {'total_loss': 0.33526202215223894, 'invariant_loss': 0.1368722922491784, 'sigreg_loss': 9.170280612244898, 'triplet_loss': 0.14990292576958938, 'triplet_pos_distance': 0.03283724709109841, 'triplet_neg_distance': 1.4464524923538675}
Updated run summary at plots/run-lejepa-trip-part-prob-aug-fracb-augb-4n/summary.json

Epoch [24/100]
Learning rate: 0.00094944763
Saved new best model to plots/run-lejepa-trip-part-prob-aug-fracb-augb-4n/best_model.pth
Collecting background train latents...
Collecting background validation latents...
Collecting signal latents...
Background train latents: (99979, 128)
Background val latents: (24995, 128)
Signal latents: (4064, 128)
Mahalanobis metrics saved to plots/run-lejepa-trip-part-prob-aug-fracb-augb-4n/mahalanobis_eval/epoch_0024/mahalanobis_metrics.json
Mahalanobis AUC, QCD train vs WJet: 0.630973
Mahalanobis AUC, QCD val vs WJet: 0.630693
Mahalanobis AUC, QCD train vs WJet: 0.630973
Mahalanobis AUC, QCD val vs WJet: 0.630693
Epoch 24 train losses: {'total_loss': 0.3733222353107789, 'invariant_loss': 0.19183091954578219, 'sigreg_loss': 8.36658807544757, 'triplet_loss': 0.14160076099093002, 'triplet_pos_distance': 0.05918884618431711, 'triplet_neg_distance': 1.6033328425548876}
Epoch 24 val losses: {'total_loss': 0.33206770569086075, 'invariant_loss': 0.1307302869248147, 'sigreg_loss': 9.369738520408163, 'triplet_loss': 0.1396197859882092, 'triplet_pos_distance': 0.031049061585597847, 'triplet_neg_distance': 1.5295587486150313}
Updated run summary at plots/run-lejepa-trip-part-prob-aug-fracb-augb-4n/summary.json

Epoch [25/100]
Learning rate: 0.00094153232
Collecting background train latents...
Collecting background validation latents...
Collecting signal latents...
Background train latents: (99979, 128)
Background val latents: (24995, 128)
Signal latents: (4064, 128)
Mahalanobis metrics saved to plots/run-lejepa-trip-part-prob-aug-fracb-augb-4n/mahalanobis_eval/epoch_0025/mahalanobis_metrics.json
Mahalanobis AUC, QCD train vs WJet: 0.624341
Mahalanobis AUC, QCD val vs WJet: 0.627776
Mahalanobis AUC, QCD train vs WJet: 0.624341
Mahalanobis AUC, QCD val vs WJet: 0.627776
Epoch 25 train losses: {'total_loss': 0.37259121460225575, 'invariant_loss': 0.19070877142422035, 'sigreg_loss': 8.419836956521738, 'triplet_loss': 0.13483478388060693, 'triplet_pos_distance': 0.058846443338924664, 'triplet_neg_distance': 1.6500498367392498}
Epoch 25 val losses: {'total_loss': 0.33476070831624827, 'invariant_loss': 0.13096440583467484, 'sigreg_loss': 9.472895408163266, 'triplet_loss': 0.1432822962880743, 'triplet_pos_distance': 0.031242513164345707, 'triplet_neg_distance': 1.560883707537943}
Updated run summary at plots/run-lejepa-trip-part-prob-aug-fracb-augb-4n/summary.json

Epoch [26/100]
Learning rate: 0.00093307969
Saved new best model to plots/run-lejepa-trip-part-prob-aug-fracb-augb-4n/best_model.pth
Collecting background train latents...
Collecting background validation latents...
Collecting signal latents...
Background train latents: (99979, 128)
Background val latents: (24995, 128)
Signal latents: (4064, 128)
Mahalanobis metrics saved to plots/run-lejepa-trip-part-prob-aug-fracb-augb-4n/mahalanobis_eval/epoch_0026/mahalanobis_metrics.json
Mahalanobis AUC, QCD train vs WJet: 0.615056
Mahalanobis AUC, QCD val vs WJet: 0.618017
Mahalanobis AUC, QCD train vs WJet: 0.615056
Mahalanobis AUC, QCD val vs WJet: 0.618017
Epoch 26 train losses: {'total_loss': 0.3699766203875432, 'invariant_loss': 0.1890702418735265, 'sigreg_loss': 8.373041879795396, 'triplet_loss': 0.13431525913536396, 'triplet_pos_distance': 0.05851554053614054, 'triplet_neg_distance': 1.6856918120018356}
Epoch 26 val losses: {'total_loss': 0.3286825693687614, 'invariant_loss': 0.1312921099288731, 'sigreg_loss': 9.197385204081632, 'triplet_loss': 0.13423023889867627, 'triplet_pos_distance': 0.031109272977527306, 'triplet_neg_distance': 1.6805645561948115}
Updated run summary at plots/run-lejepa-trip-part-prob-aug-fracb-augb-4n/summary.json

Epoch [27/100]
Learning rate: 0.00092410002
Saved new best model to plots/run-lejepa-trip-part-prob-aug-fracb-augb-4n/best_model.pth
Collecting background train latents...
Collecting background validation latents...
Collecting signal latents...
Background train latents: (99979, 128)
Background val latents: (24995, 128)
Signal latents: (4064, 128)
Mahalanobis metrics saved to plots/run-lejepa-trip-part-prob-aug-fracb-augb-4n/mahalanobis_eval/epoch_0027/mahalanobis_metrics.json
Mahalanobis AUC, QCD train vs WJet: 0.605458
Mahalanobis AUC, QCD val vs WJet: 0.606819
Mahalanobis AUC, QCD train vs WJet: 0.605458
Mahalanobis AUC, QCD val vs WJet: 0.606819
Epoch 27 train losses: {'total_loss': 0.3666487951641497, 'invariant_loss': 0.18789994373650806, 'sigreg_loss': 8.280450767263428, 'triplet_loss': 0.13125971930525493, 'triplet_pos_distance': 0.05841229067605627, 'triplet_neg_distance': 1.707056196754241}
Epoch 27 val losses: {'total_loss': 0.3228930604397034, 'invariant_loss': 0.12912599997100782, 'sigreg_loss': 9.045758928571429, 'triplet_loss': 0.12828960205067177, 'triplet_pos_distance': 0.030944286646055325, 'triplet_neg_distance': 1.6916553250380926}
Updated run summary at plots/run-lejepa-trip-part-prob-aug-fracb-augb-4n/summary.json

Epoch [28/100]
Learning rate: 0.00091460427
Collecting background train latents...
Collecting background validation latents...
Collecting signal latents...
Background train latents: (99979, 128)
Background val latents: (24995, 128)
Signal latents: (4064, 128)
Mahalanobis metrics saved to plots/run-lejepa-trip-part-prob-aug-fracb-augb-4n/mahalanobis_eval/epoch_0028/mahalanobis_metrics.json
Mahalanobis AUC, QCD train vs WJet: 0.630148
Mahalanobis AUC, QCD val vs WJet: 0.632872
Mahalanobis AUC, QCD train vs WJet: 0.630148
Mahalanobis AUC, QCD val vs WJet: 0.632872
Epoch 28 train losses: {'total_loss': 0.36520185041458103, 'invariant_loss': 0.18646706276766176, 'sigreg_loss': 8.320092710997443, 'triplet_loss': 0.12323914697903501, 'triplet_pos_distance': 0.05771087818419385, 'triplet_neg_distance': 1.742591325584275}
Epoch 28 val losses: {'total_loss': 0.3285063731731201, 'invariant_loss': 0.12471523789726958, 'sigreg_loss': 9.512595663265307, 'triplet_loss': 0.13580675073424164, 'triplet_pos_distance': 0.02959586450430964, 'triplet_neg_distance': 1.596925984231793}
Updated run summary at plots/run-lejepa-trip-part-prob-aug-fracb-augb-4n/summary.json

Epoch [29/100]
Learning rate: 0.00090460399
Collecting background train latents...
Collecting background validation latents...
Collecting signal latents...
Background train latents: (99979, 128)
Background val latents: (24995, 128)
Signal latents: (4064, 128)
Mahalanobis metrics saved to plots/run-lejepa-trip-part-prob-aug-fracb-augb-4n/mahalanobis_eval/epoch_0029/mahalanobis_metrics.json
Mahalanobis AUC, QCD train vs WJet: 0.617587
Mahalanobis AUC, QCD val vs WJet: 0.618648
Mahalanobis AUC, QCD train vs WJet: 0.617587
Mahalanobis AUC, QCD val vs WJet: 0.618648
Epoch 29 train losses: {'total_loss': 0.36340696831493424, 'invariant_loss': 0.18559091871656724, 'sigreg_loss': 8.281090153452686, 'triplet_loss': 0.121763109112792, 'triplet_pos_distance': 0.057591734273011425, 'triplet_neg_distance': 1.7663117991688917}
Epoch 29 val losses: {'total_loss': 0.3328803131470875, 'invariant_loss': 0.12355543760468765, 'sigreg_loss': 9.802136479591837, 'triplet_loss': 0.1329988299735955, 'triplet_pos_distance': 0.029546019659206574, 'triplet_neg_distance': 1.6312952741068236}
Updated run summary at plots/run-lejepa-trip-part-prob-aug-fracb-augb-4n/summary.json

Epoch [30/100]
Learning rate: 0.00089411137
Collecting background train latents...
Collecting background validation latents...
Collecting signal latents...
Background train latents: (99979, 128)
Background val latents: (24995, 128)
Signal latents: (4064, 128)
Mahalanobis metrics saved to plots/run-lejepa-trip-part-prob-aug-fracb-augb-4n/mahalanobis_eval/epoch_0030/mahalanobis_metrics.json
Mahalanobis AUC, QCD train vs WJet: 0.615892
Mahalanobis AUC, QCD val vs WJet: 0.617341
Mahalanobis AUC, QCD train vs WJet: 0.615892
Mahalanobis AUC, QCD val vs WJet: 0.617341
Epoch 30 train losses: {'total_loss': 0.36108085017679903, 'invariant_loss': 0.1839685659007648, 'sigreg_loss': 8.271699168797953, 'triplet_loss': 0.1169857769404226, 'triplet_pos_distance': 0.05688531070833316, 'triplet_neg_distance': 1.7896588653554697}
Epoch 30 val losses: {'total_loss': 0.3318581295256712, 'invariant_loss': 0.11994351906587883, 'sigreg_loss': 9.941007653061224, 'triplet_loss': 0.13054596172759728, 'triplet_pos_distance': 0.02824643757954544, 'triplet_neg_distance': 1.6170685163566045}
Updated run summary at plots/run-lejepa-trip-part-prob-aug-fracb-augb-4n/summary.json

Epoch [31/100]
Learning rate: 0.0008831392
Saved new best model to plots/run-lejepa-trip-part-prob-aug-fracb-augb-4n/best_model.pth
Collecting background train latents...
Collecting background validation latents...
Collecting signal latents...
Background train latents: (99979, 128)
Background val latents: (24995, 128)
Signal latents: (4064, 128)
Mahalanobis metrics saved to plots/run-lejepa-trip-part-prob-aug-fracb-augb-4n/mahalanobis_eval/epoch_0031/mahalanobis_metrics.json
Mahalanobis AUC, QCD train vs WJet: 0.606985
Mahalanobis AUC, QCD val vs WJet: 0.607384
Mahalanobis AUC, QCD train vs WJet: 0.606985
Mahalanobis AUC, QCD val vs WJet: 0.607384
Epoch 31 train losses: {'total_loss': 0.3595238349321858, 'invariant_loss': 0.18317255577849, 'sigreg_loss': 8.245204603580563, 'triplet_loss': 0.11438341917055647, 'triplet_pos_distance': 0.05651810685234607, 'triplet_neg_distance': 1.8259056939188476}
Epoch 31 val losses: {'total_loss': 0.31896273761379473, 'invariant_loss': 0.1285312356693404, 'sigreg_loss': 8.982461734693878, 'triplet_loss': 0.10771406605383571, 'triplet_pos_distance': 0.03045610710028179, 'triplet_neg_distance': 1.8090943566390447}
Updated run summary at plots/run-lejepa-trip-part-prob-aug-fracb-augb-4n/summary.json

Epoch [32/100]
Learning rate: 0.00087170084
Saved new best model to plots/run-lejepa-trip-part-prob-aug-fracb-augb-4n/best_model.pth
Collecting background train latents...
Collecting background validation latents...
Collecting signal latents...
Background train latents: (99979, 128)
Background val latents: (24995, 128)
Signal latents: (4064, 128)
Mahalanobis metrics saved to plots/run-lejepa-trip-part-prob-aug-fracb-augb-4n/mahalanobis_eval/epoch_0032/mahalanobis_metrics.json
Mahalanobis AUC, QCD train vs WJet: 0.627574
Mahalanobis AUC, QCD val vs WJet: 0.629188
Mahalanobis AUC, QCD train vs WJet: 0.627574
Mahalanobis AUC, QCD val vs WJet: 0.629188
Epoch 32 train losses: {'total_loss': 0.3579830538738719, 'invariant_loss': 0.1824409705312813, 'sigreg_loss': 8.206601662404092, 'triplet_loss': 0.11397160225740784, 'triplet_pos_distance': 0.05621936819170747, 'triplet_neg_distance': 1.8215527702170564}
Epoch 32 val losses: {'total_loss': 0.3148388702954565, 'invariant_loss': 0.12781137893242495, 'sigreg_loss': 8.772480867346939, 'triplet_loss': 0.11575083073456677, 'triplet_pos_distance': 0.030989501701325785, 'triplet_neg_distance': 1.7514362748788328}
Updated run summary at plots/run-lejepa-trip-part-prob-aug-fracb-augb-4n/summary.json

Epoch [33/100]
Learning rate: 0.00085981023
Collecting background train latents...
Collecting background validation latents...
Collecting signal latents...
Background train latents: (99979, 128)
Background val latents: (24995, 128)
Signal latents: (4064, 128)
Mahalanobis metrics saved to plots/run-lejepa-trip-part-prob-aug-fracb-augb-4n/mahalanobis_eval/epoch_0033/mahalanobis_metrics.json
Mahalanobis AUC, QCD train vs WJet: 0.630364
Mahalanobis AUC, QCD val vs WJet: 0.632347
Mahalanobis AUC, QCD train vs WJet: 0.630364
Mahalanobis AUC, QCD val vs WJet: 0.632347
Epoch 33 train losses: {'total_loss': 0.35639376663948263, 'invariant_loss': 0.1806986919411308, 'sigreg_loss': 8.211037404092071, 'triplet_loss': 0.11493953832846773, 'triplet_pos_distance': 0.05641275227470014, 'triplet_neg_distance': 1.8517828315420224}
Epoch 33 val losses: {'total_loss': 0.3206538323845182, 'invariant_loss': 0.12136803472376599, 'sigreg_loss': 9.334343112244898, 'triplet_loss': 0.12617868519559197, 'triplet_pos_distance': 0.02918599715114248, 'triplet_neg_distance': 1.7412294295369362}
Updated run summary at plots/run-lejepa-trip-part-prob-aug-fracb-augb-4n/summary.json

Epoch [34/100]
Learning rate: 0.00084748186
Saved new best model to plots/run-lejepa-trip-part-prob-aug-fracb-augb-4n/best_model.pth
Collecting background train latents...
Collecting background validation latents...
Collecting signal latents...
Background train latents: (99979, 128)
Background val latents: (24995, 128)
Signal latents: (4064, 128)
Mahalanobis metrics saved to plots/run-lejepa-trip-part-prob-aug-fracb-augb-4n/mahalanobis_eval/epoch_0034/mahalanobis_metrics.json
Mahalanobis AUC, QCD train vs WJet: 0.611381
Mahalanobis AUC, QCD val vs WJet: 0.613107
Mahalanobis AUC, QCD train vs WJet: 0.611381
Mahalanobis AUC, QCD val vs WJet: 0.613107
Epoch 34 train losses: {'total_loss': 0.3566310925175772, 'invariant_loss': 0.18141245314151125, 'sigreg_loss': 8.190097506393862, 'triplet_loss': 0.11408394012514435, 'triplet_pos_distance': 0.05574457128258312, 'triplet_neg_distance': 1.8428498431849663}
Epoch 34 val losses: {'total_loss': 0.31199375555223346, 'invariant_loss': 0.12531458289951694, 'sigreg_loss': 8.770248724489797, 'triplet_loss': 0.11286553694885604, 'triplet_pos_distance': 0.030126742695515255, 'triplet_neg_distance': 1.8056750011687377}
Updated run summary at plots/run-lejepa-trip-part-prob-aug-fracb-augb-4n/summary.json

Epoch [35/100]
Learning rate: 0.00083473074
Collecting background train latents...
Collecting background validation latents...
Collecting signal latents...
Background train latents: (99979, 128)
Background val latents: (24995, 128)
Signal latents: (4064, 128)
Mahalanobis metrics saved to plots/run-lejepa-trip-part-prob-aug-fracb-augb-4n/mahalanobis_eval/epoch_0035/mahalanobis_metrics.json
Mahalanobis AUC, QCD train vs WJet: 0.624944
Mahalanobis AUC, QCD val vs WJet: 0.626207
Mahalanobis AUC, QCD train vs WJet: 0.624944
Mahalanobis AUC, QCD val vs WJet: 0.626207
Epoch 35 train losses: {'total_loss': 0.3537950122066776, 'invariant_loss': 0.17920899132976448, 'sigreg_loss': 8.164002557544757, 'triplet_loss': 0.11304018353028676, 'triplet_pos_distance': 0.055164214256969865, 'triplet_neg_distance': 1.8290685721675453}
Epoch 35 val losses: {'total_loss': 0.32728826878022177, 'invariant_loss': 0.11460382898091054, 'sigreg_loss': 9.958386479591837, 'triplet_loss': 0.13500566845189552, 'triplet_pos_distance': 0.026390775144860452, 'triplet_neg_distance': 1.5848014920341724}
Updated run summary at plots/run-lejepa-trip-part-prob-aug-fracb-augb-4n/summary.json

Epoch [36/100]
Learning rate: 0.00082157241
Collecting background train latents...
Collecting background validation latents...
Collecting signal latents...
Background train latents: (99979, 128)
Background val latents: (24995, 128)
Signal latents: (4064, 128)
Mahalanobis metrics saved to plots/run-lejepa-trip-part-prob-aug-fracb-augb-4n/mahalanobis_eval/epoch_0036/mahalanobis_metrics.json
Mahalanobis AUC, QCD train vs WJet: 0.623993
Mahalanobis AUC, QCD val vs WJet: 0.626055
Mahalanobis AUC, QCD train vs WJet: 0.623993
Mahalanobis AUC, QCD val vs WJet: 0.626055
Epoch 36 train losses: {'total_loss': 0.3529781730050016, 'invariant_loss': 0.1797418726984497, 'sigreg_loss': 8.119485294117647, 'triplet_loss': 0.10854682897019874, 'triplet_pos_distance': 0.05558879668240809, 'triplet_neg_distance': 1.8690930603410276}
Epoch 36 val losses: {'total_loss': 0.3151932863556609, 'invariant_loss': 0.12075804979825507, 'sigreg_loss': 9.098214285714286, 'triplet_loss': 0.12443346822900432, 'triplet_pos_distance': 0.028523030714607055, 'triplet_neg_distance': 1.6821192533385998}
Updated run summary at plots/run-lejepa-trip-part-prob-aug-fracb-augb-4n/summary.json

Epoch [37/100]
Learning rate: 0.00080802291
Saved new best model to plots/run-lejepa-trip-part-prob-aug-fracb-augb-4n/best_model.pth
Collecting background train latents...
Collecting background validation latents...
Collecting signal latents...
Background train latents: (99979, 128)
Background val latents: (24995, 128)
Signal latents: (4064, 128)
Mahalanobis metrics saved to plots/run-lejepa-trip-part-prob-aug-fracb-augb-4n/mahalanobis_eval/epoch_0037/mahalanobis_metrics.json
Mahalanobis AUC, QCD train vs WJet: 0.615381
Mahalanobis AUC, QCD val vs WJet: 0.615726
Mahalanobis AUC, QCD train vs WJet: 0.615381
Mahalanobis AUC, QCD val vs WJet: 0.615726
Epoch 37 train losses: {'total_loss': 0.35323033405615545, 'invariant_loss': 0.1791957969517659, 'sigreg_loss': 8.168198529411764, 'triplet_loss': 0.10657626096530796, 'triplet_pos_distance': 0.055502419333781125, 'triplet_neg_distance': 1.8687714015126533}
Epoch 37 val losses: {'total_loss': 0.31111391177591013, 'invariant_loss': 0.11802086066834781, 'sigreg_loss': 9.108418367346939, 'triplet_loss': 0.10914321053697139, 'triplet_pos_distance': 0.028559462818298107, 'triplet_neg_distance': 1.8171744754119796}
Updated run summary at plots/run-lejepa-trip-part-prob-aug-fracb-augb-4n/summary.json

Epoch [38/100]
Learning rate: 0.00079409873
Collecting background train latents...
Collecting background validation latents...
Collecting signal latents...
Background train latents: (99979, 128)
Background val latents: (24995, 128)
Signal latents: (4064, 128)
Mahalanobis metrics saved to plots/run-lejepa-trip-part-prob-aug-fracb-augb-4n/mahalanobis_eval/epoch_0038/mahalanobis_metrics.json
Mahalanobis AUC, QCD train vs WJet: 0.611364
Mahalanobis AUC, QCD val vs WJet: 0.615435
Mahalanobis AUC, QCD train vs WJet: 0.611364
Mahalanobis AUC, QCD val vs WJet: 0.615435
Epoch 38 train losses: {'total_loss': 0.35059260464537784, 'invariant_loss': 0.17846744778134938, 'sigreg_loss': 8.067375319693095, 'triplet_loss': 0.10786913198125941, 'triplet_pos_distance': 0.055008844865481264, 'triplet_neg_distance': 1.8512003728190956}
Epoch 38 val losses: {'total_loss': 0.3113716790566639, 'invariant_loss': 0.12309210701864592, 'sigreg_loss': 8.88249362244898, 'triplet_loss': 0.10634881828208359, 'triplet_pos_distance': 0.029534241469690994, 'triplet_neg_distance': 1.7924792194853023}
Updated run summary at plots/run-lejepa-trip-part-prob-aug-fracb-augb-4n/summary.json

Epoch [39/100]
Learning rate: 0.00077981686
Saved new best model to plots/run-lejepa-trip-part-prob-aug-fracb-augb-4n/best_model.pth
Collecting background train latents...
Collecting background validation latents...
Collecting signal latents...
Background train latents: (99979, 128)
Background val latents: (24995, 128)
Signal latents: (4064, 128)
Mahalanobis metrics saved to plots/run-lejepa-trip-part-prob-aug-fracb-augb-4n/mahalanobis_eval/epoch_0039/mahalanobis_metrics.json
Mahalanobis AUC, QCD train vs WJet: 0.619466
Mahalanobis AUC, QCD val vs WJet: 0.621615
Mahalanobis AUC, QCD train vs WJet: 0.619466
Mahalanobis AUC, QCD val vs WJet: 0.621615
Epoch 39 train losses: {'total_loss': 0.35112082390376675, 'invariant_loss': 0.17791898426649821, 'sigreg_loss': 8.133391943734015, 'triplet_loss': 0.10519262544258172, 'triplet_pos_distance': 0.05471939675490874, 'triplet_neg_distance': 1.870506107959601}
Epoch 39 val losses: {'total_loss': 0.30571193552138853, 'invariant_loss': 0.13190880349400091, 'sigreg_loss': 8.175223214285714, 'triplet_loss': 0.10328561793632653, 'triplet_pos_distance': 0.03186271379568747, 'triplet_neg_distance': 1.845352155821664}
Updated run summary at plots/run-lejepa-trip-part-prob-aug-fracb-augb-4n/summary.json

Epoch [40/100]
Learning rate: 0.00076519467
Collecting background train latents...
Collecting background validation latents...
Collecting signal latents...
Background train latents: (99979, 128)
Background val latents: (24995, 128)
Signal latents: (4064, 128)
Mahalanobis metrics saved to plots/run-lejepa-trip-part-prob-aug-fracb-augb-4n/mahalanobis_eval/epoch_0040/mahalanobis_metrics.json
Mahalanobis AUC, QCD train vs WJet: 0.634199
Mahalanobis AUC, QCD val vs WJet: 0.635306
Mahalanobis AUC, QCD train vs WJet: 0.634199
Mahalanobis AUC, QCD val vs WJet: 0.635306
Epoch 40 train losses: {'total_loss': 0.3474106036336221, 'invariant_loss': 0.1767231722164642, 'sigreg_loss': 8.023097826086957, 'triplet_loss': 0.10235836691773303, 'triplet_pos_distance': 0.05421749270423446, 'triplet_neg_distance': 1.8768285758355086}
Epoch 40 val losses: {'total_loss': 0.316458629102123, 'invariant_loss': 0.1147648877635294, 'sigreg_loss': 9.472895408163266, 'triplet_loss': 0.12220688985318554, 'triplet_pos_distance': 0.02636198313165532, 'triplet_neg_distance': 1.6521559759062163}
Updated run summary at plots/run-lejepa-trip-part-prob-aug-fracb-augb-4n/summary.json

Epoch [41/100]
Learning rate: 0.00075025
Collecting background train latents...
Collecting background validation latents...
Collecting signal latents...
Background train latents: (99979, 128)
Background val latents: (24995, 128)
Signal latents: (4064, 128)
Mahalanobis metrics saved to plots/run-lejepa-trip-part-prob-aug-fracb-augb-4n/mahalanobis_eval/epoch_0041/mahalanobis_metrics.json
Mahalanobis AUC, QCD train vs WJet: 0.617150
Mahalanobis AUC, QCD val vs WJet: 0.617919
Mahalanobis AUC, QCD train vs WJet: 0.617150
Mahalanobis AUC, QCD val vs WJet: 0.617919
Epoch 41 train losses: {'total_loss': 0.34683030237779594, 'invariant_loss': 0.17618557503994772, 'sigreg_loss': 8.02006074168798, 'triplet_loss': 0.10233719030971569, 'triplet_pos_distance': 0.054111703077469334, 'triplet_neg_distance': 1.8766624127202631}
Epoch 41 val losses: {'total_loss': 0.30889954722049284, 'invariant_loss': 0.12279341943866136, 'sigreg_loss': 8.766581632653061, 'triplet_loss': 0.10795719168928204, 'triplet_pos_distance': 0.028880851975243007, 'triplet_neg_distance': 1.7706392297939377}
Updated run summary at plots/run-lejepa-trip-part-prob-aug-fracb-augb-4n/summary.json

Epoch [42/100]
Learning rate: 0.00073500105
Collecting background train latents...
Collecting background validation latents...
Collecting signal latents...
Background train latents: (99979, 128)
Background val latents: (24995, 128)
Signal latents: (4064, 128)
Mahalanobis metrics saved to plots/run-lejepa-trip-part-prob-aug-fracb-augb-4n/mahalanobis_eval/epoch_0042/mahalanobis_metrics.json
Mahalanobis AUC, QCD train vs WJet: 0.646952
Mahalanobis AUC, QCD val vs WJet: 0.648357
Mahalanobis AUC, QCD train vs WJet: 0.646952
Mahalanobis AUC, QCD val vs WJet: 0.648357
Epoch 42 train losses: {'total_loss': 0.34594351735413836, 'invariant_loss': 0.17510174127186046, 'sigreg_loss': 8.033208120204604, 'triplet_loss': 0.10171018014935886, 'triplet_pos_distance': 0.0542358474667801, 'triplet_neg_distance': 1.8970136823861494}
Epoch 42 val losses: {'total_loss': 0.3176127850097053, 'invariant_loss': 0.11998943859065066, 'sigreg_loss': 9.28970025510204, 'triplet_loss': 0.11842296899733495, 'triplet_pos_distance': 0.027480221006601135, 'triplet_neg_distance': 1.6788638215892169}
Updated run summary at plots/run-lejepa-trip-part-prob-aug-fracb-augb-4n/summary.json

Epoch [43/100]
Learning rate: 0.00071946639
Collecting background train latents...
Collecting background validation latents...
Collecting signal latents...
Background train latents: (99979, 128)
Background val latents: (24995, 128)
Signal latents: (4064, 128)
Mahalanobis metrics saved to plots/run-lejepa-trip-part-prob-aug-fracb-augb-4n/mahalanobis_eval/epoch_0043/mahalanobis_metrics.json
Mahalanobis AUC, QCD train vs WJet: 0.625796
Mahalanobis AUC, QCD val vs WJet: 0.627665
Mahalanobis AUC, QCD train vs WJet: 0.625796
Mahalanobis AUC, QCD val vs WJet: 0.627665
Epoch 43 train losses: {'total_loss': 0.3453395464612395, 'invariant_loss': 0.17590753393023825, 'sigreg_loss': 7.963395140664962, 'triplet_loss': 0.10161159106570741, 'triplet_pos_distance': 0.05390064739872275, 'triplet_neg_distance': 1.876658890863209}
Epoch 43 val losses: {'total_loss': 0.31063988090169675, 'invariant_loss': 0.11677505224182898, 'sigreg_loss': 9.14142219387755, 'triplet_loss': 0.11058309750289333, 'triplet_pos_distance': 0.02720716961526445, 'triplet_neg_distance': 1.7422466813301554}
Updated run summary at plots/run-lejepa-trip-part-prob-aug-fracb-augb-4n/summary.json

Epoch [44/100]
Learning rate: 0.00070366495
Saved new best model to plots/run-lejepa-trip-part-prob-aug-fracb-augb-4n/best_model.pth
Collecting background train latents...
Collecting background validation latents...
Collecting signal latents...
Background train latents: (99979, 128)
Background val latents: (24995, 128)
Signal latents: (4064, 128)
Mahalanobis metrics saved to plots/run-lejepa-trip-part-prob-aug-fracb-augb-4n/mahalanobis_eval/epoch_0044/mahalanobis_metrics.json
Mahalanobis AUC, QCD train vs WJet: 0.620140
Mahalanobis AUC, QCD val vs WJet: 0.622430
Mahalanobis AUC, QCD train vs WJet: 0.620140
Mahalanobis AUC, QCD val vs WJet: 0.622430
Epoch 44 train losses: {'total_loss': 0.346183644421875, 'invariant_loss': 0.17563962035090722, 'sigreg_loss': 8.007233056265985, 'triplet_loss': 0.10394015299427845, 'triplet_pos_distance': 0.05393520279613602, 'triplet_neg_distance': 1.8805623921896795}
Epoch 44 val losses: {'total_loss': 0.2982696430111418, 'invariant_loss': 0.12039728755397457, 'sigreg_loss': 8.38297193877551, 'triplet_loss': 0.10237429990452163, 'triplet_pos_distance': 0.02881277398187287, 'triplet_neg_distance': 1.7579764748106197}
Updated run summary at plots/run-lejepa-trip-part-prob-aug-fracb-augb-4n/summary.json

Epoch [45/100]
Learning rate: 0.00068761599
Collecting background train latents...
Collecting background validation latents...
Collecting signal latents...
Background train latents: (99979, 128)
Background val latents: (24995, 128)
Signal latents: (4064, 128)
Mahalanobis metrics saved to plots/run-lejepa-trip-part-prob-aug-fracb-augb-4n/mahalanobis_eval/epoch_0045/mahalanobis_metrics.json
Mahalanobis AUC, QCD train vs WJet: 0.596254
Mahalanobis AUC, QCD val vs WJet: 0.597880
Mahalanobis AUC, QCD train vs WJet: 0.596254
Mahalanobis AUC, QCD val vs WJet: 0.597880
Epoch 45 train losses: {'total_loss': 0.34425752013540634, 'invariant_loss': 0.17522138078956653, 'sigreg_loss': 7.962755754475704, 'triplet_loss': 0.09779023501040686, 'triplet_pos_distance': 0.053529937044167156, 'triplet_neg_distance': 1.9018650195177864}
Epoch 45 val losses: {'total_loss': 0.31536338204632, 'invariant_loss': 0.11643783645514323, 'sigreg_loss': 9.472098214285714, 'triplet_loss': 0.09467438513375058, 'triplet_pos_distance': 0.02782108381922756, 'triplet_neg_distance': 1.764232911625687}
Updated run summary at plots/run-lejepa-trip-part-prob-aug-fracb-augb-4n/summary.json

Epoch [46/100]
Learning rate: 0.00067133906
Collecting background train latents...
Collecting background validation latents...
Collecting signal latents...
Background train latents: (99979, 128)
Background val latents: (24995, 128)
Signal latents: (4064, 128)
Mahalanobis metrics saved to plots/run-lejepa-trip-part-prob-aug-fracb-augb-4n/mahalanobis_eval/epoch_0046/mahalanobis_metrics.json
Mahalanobis AUC, QCD train vs WJet: 0.638946
Mahalanobis AUC, QCD val vs WJet: 0.640525
Mahalanobis AUC, QCD train vs WJet: 0.638946
Mahalanobis AUC, QCD val vs WJet: 0.640525
Epoch 46 train losses: {'total_loss': 0.34351689652408784, 'invariant_loss': 0.1744182815827677, 'sigreg_loss': 7.979020140664962, 'triplet_loss': 0.09518682791391754, 'triplet_pos_distance': 0.05366107740956347, 'triplet_neg_distance': 1.894277642907389}
Epoch 46 val losses: {'total_loss': 0.317023257896, 'invariant_loss': 0.11976401602887378, 'sigreg_loss': 9.325414540816327, 'triplet_loss': 0.10733314162614394, 'triplet_pos_distance': 0.027437445598331337, 'triplet_neg_distance': 1.7431390127357171}
Updated run summary at plots/run-lejepa-trip-part-prob-aug-fracb-augb-4n/summary.json

Epoch [47/100]
Learning rate: 0.00065485399
Collecting background train latents...
Collecting background validation latents...
Collecting signal latents...
Background train latents: (99979, 128)
Background val latents: (24995, 128)
Signal latents: (4064, 128)
Mahalanobis metrics saved to plots/run-lejepa-trip-part-prob-aug-fracb-augb-4n/mahalanobis_eval/epoch_0047/mahalanobis_metrics.json
Mahalanobis AUC, QCD train vs WJet: 0.634731
Mahalanobis AUC, QCD val vs WJet: 0.637403
Mahalanobis AUC, QCD train vs WJet: 0.634731
Mahalanobis AUC, QCD val vs WJet: 0.637403
Epoch 47 train losses: {'total_loss': 0.34097540264239395, 'invariant_loss': 0.17350712231815318, 'sigreg_loss': 7.91124520460358, 'triplet_loss': 0.09237054584886106, 'triplet_pos_distance': 0.053219808632379295, 'triplet_neg_distance': 1.9226640648854054}
Epoch 47 val losses: {'total_loss': 0.30823061843307653, 'invariant_loss': 0.115886640031727, 'sigreg_loss': 9.10873724489796, 'triplet_loss': 0.10170230919457211, 'triplet_pos_distance': 0.027246316894888878, 'triplet_neg_distance': 1.707445111201734}
Updated run summary at plots/run-lejepa-trip-part-prob-aug-fracb-augb-4n/summary.json

Epoch [48/100]
Learning rate: 0.00063818086
Collecting background train latents...
Collecting background validation latents...
Collecting signal latents...
Background train latents: (99979, 128)
Background val latents: (24995, 128)
Signal latents: (4064, 128)
Mahalanobis metrics saved to plots/run-lejepa-trip-part-prob-aug-fracb-augb-4n/mahalanobis_eval/epoch_0048/mahalanobis_metrics.json
Mahalanobis AUC, QCD train vs WJet: 0.629428
Mahalanobis AUC, QCD val vs WJet: 0.631007
Mahalanobis AUC, QCD train vs WJet: 0.629428
Mahalanobis AUC, QCD val vs WJet: 0.631007
Epoch 48 train losses: {'total_loss': 0.3416291553803417, 'invariant_loss': 0.1732815789711445, 'sigreg_loss': 7.955163043478261, 'triplet_loss': 0.09228452813366185, 'triplet_pos_distance': 0.05363799845966537, 'triplet_neg_distance': 1.9252438174794093}
Epoch 48 val losses: {'total_loss': 0.30363269743262505, 'invariant_loss': 0.1156351426806377, 'sigreg_loss': 8.877869897959183, 'triplet_loss': 0.10415145857449697, 'triplet_pos_distance': 0.027074754727548177, 'triplet_neg_distance': 1.7524201413806604}
Updated run summary at plots/run-lejepa-trip-part-prob-aug-fracb-augb-4n/summary.json

Epoch [49/100]
Learning rate: 0.00062133999
Collecting background train latents...
Collecting background validation latents...
Collecting signal latents...
Background train latents: (99979, 128)
Background val latents: (24995, 128)
Signal latents: (4064, 128)
Mahalanobis metrics saved to plots/run-lejepa-trip-part-prob-aug-fracb-augb-4n/mahalanobis_eval/epoch_0049/mahalanobis_metrics.json
Mahalanobis AUC, QCD train vs WJet: 0.623971
Mahalanobis AUC, QCD val vs WJet: 0.625734
Mahalanobis AUC, QCD train vs WJet: 0.623971
Mahalanobis AUC, QCD val vs WJet: 0.625734
Epoch 49 train losses: {'total_loss': 0.3391875230214175, 'invariant_loss': 0.17241632256209088, 'sigreg_loss': 7.873281649616368, 'triplet_loss': 0.09300494218326133, 'triplet_pos_distance': 0.0529533959210605, 'triplet_neg_distance': 1.9543775499934126}
Epoch 49 val losses: {'total_loss': 0.3062743143159516, 'invariant_loss': 0.11791100151532767, 'sigreg_loss': 8.919642857142858, 'triplet_loss': 0.09946340121024726, 'triplet_pos_distance': 0.027283286732830564, 'triplet_neg_distance': 1.8179943792674007}
Updated run summary at plots/run-lejepa-trip-part-prob-aug-fracb-augb-4n/summary.json

Epoch [50/100]
Learning rate: 0.00060435189
Collecting background train latents...
Collecting background validation latents...
Collecting signal latents...
Background train latents: (99979, 128)
Background val latents: (24995, 128)
Signal latents: (4064, 128)
Mahalanobis metrics saved to plots/run-lejepa-trip-part-prob-aug-fracb-augb-4n/mahalanobis_eval/epoch_0050/mahalanobis_metrics.json
Mahalanobis AUC, QCD train vs WJet: 0.640957
Mahalanobis AUC, QCD val vs WJet: 0.642585
Mahalanobis AUC, QCD train vs WJet: 0.640957
Mahalanobis AUC, QCD val vs WJet: 0.642585
Epoch 50 train losses: {'total_loss': 0.33852704490542107, 'invariant_loss': 0.1726618048823093, 'sigreg_loss': 7.837995524296675, 'triplet_loss': 0.09091364522285932, 'triplet_pos_distance': 0.05273983433194782, 'triplet_neg_distance': 1.973779700753634}
Epoch 50 val losses: {'total_loss': 0.3027589007147721, 'invariant_loss': 0.11521241490786173, 'sigreg_loss': 8.873565051020408, 'triplet_loss': 0.10046287584213578, 'triplet_pos_distance': 0.02666017951500811, 'triplet_neg_distance': 1.8092841487758013}
Updated run summary at plots/run-lejepa-trip-part-prob-aug-fracb-augb-4n/summary.json

Epoch [51/100]
Learning rate: 0.00058723726
Collecting background train latents...
Collecting background validation latents...
Collecting signal latents...
Background train latents: (99979, 128)
Background val latents: (24995, 128)
Signal latents: (4064, 128)
Mahalanobis metrics saved to plots/run-lejepa-trip-part-prob-aug-fracb-augb-4n/mahalanobis_eval/epoch_0051/mahalanobis_metrics.json
Mahalanobis AUC, QCD train vs WJet: 0.644073
Mahalanobis AUC, QCD val vs WJet: 0.646234
Mahalanobis AUC, QCD train vs WJet: 0.644073
Mahalanobis AUC, QCD val vs WJet: 0.646234
Epoch 51 train losses: {'total_loss': 0.3379129160319448, 'invariant_loss': 0.17178515251487722, 'sigreg_loss': 7.8481457800511505, 'triplet_loss': 0.09159700870228088, 'triplet_pos_distance': 0.05288214369407852, 'triplet_neg_distance': 1.9337532854141177}
Epoch 51 val losses: {'total_loss': 0.3073603938124618, 'invariant_loss': 0.11320436837113633, 'sigreg_loss': 9.116071428571429, 'triplet_loss': 0.11855224177849535, 'triplet_pos_distance': 0.026278926876886766, 'triplet_neg_distance': 1.6157399641007792}
Updated run summary at plots/run-lejepa-trip-part-prob-aug-fracb-augb-4n/summary.json

Epoch [52/100]
Learning rate: 0.00057001696
Collecting background train latents...
Collecting background validation latents...
Collecting signal latents...
Background train latents: (99979, 128)
Background val latents: (24995, 128)
Signal latents: (4064, 128)
Mahalanobis metrics saved to plots/run-lejepa-trip-part-prob-aug-fracb-augb-4n/mahalanobis_eval/epoch_0052/mahalanobis_metrics.json
Mahalanobis AUC, QCD train vs WJet: 0.586464
Mahalanobis AUC, QCD val vs WJet: 0.588909
Mahalanobis AUC, QCD train vs WJet: 0.586464
Mahalanobis AUC, QCD val vs WJet: 0.588909
Epoch 52 train losses: {'total_loss': 0.33876293893817744, 'invariant_loss': 0.1721212372202855, 'sigreg_loss': 7.8711237212276215, 'triplet_loss': 0.09227192813359067, 'triplet_pos_distance': 0.05274197384905632, 'triplet_neg_distance': 1.940620609409059}
Epoch 52 val losses: {'total_loss': 0.3065947063115178, 'invariant_loss': 0.1234691121368384, 'sigreg_loss': 8.772161989795919, 'triplet_loss': 0.07705573845958831, 'triplet_pos_distance': 0.030504251659220577, 'triplet_neg_distance': 1.8831977102221276}
Updated run summary at plots/run-lejepa-trip-part-prob-aug-fracb-augb-4n/summary.json

Epoch [53/100]
Learning rate: 0.00055271197
Collecting background train latents...
Collecting background validation latents...
Collecting signal latents...
Background train latents: (99979, 128)
Background val latents: (24995, 128)
Signal latents: (4064, 128)
Mahalanobis metrics saved to plots/run-lejepa-trip-part-prob-aug-fracb-augb-4n/mahalanobis_eval/epoch_0053/mahalanobis_metrics.json
Mahalanobis AUC, QCD train vs WJet: 0.643098
Mahalanobis AUC, QCD val vs WJet: 0.645473
Mahalanobis AUC, QCD train vs WJet: 0.643098
Mahalanobis AUC, QCD val vs WJet: 0.645473
Epoch 53 train losses: {'total_loss': 0.3375030549819512, 'invariant_loss': 0.17125849570612164, 'sigreg_loss': 7.861892583120205, 'triplet_loss': 0.09000510483256081, 'triplet_pos_distance': 0.052599157142402875, 'triplet_neg_distance': 1.9408042818079214}
Epoch 53 val losses: {'total_loss': 0.3002655032489981, 'invariant_loss': 0.11158072784999196, 'sigreg_loss': 8.897002551020408, 'triplet_loss': 0.10716225685817855, 'triplet_pos_distance': 0.025791486511387084, 'triplet_neg_distance': 1.7380567971540957}
Updated run summary at plots/run-lejepa-trip-part-prob-aug-fracb-augb-4n/summary.json

Epoch [54/100]
Learning rate: 0.00053534336
Collecting background train latents...
Collecting background validation latents...
Collecting signal latents...
Background train latents: (99979, 128)
Background val latents: (24995, 128)
Signal latents: (4064, 128)
Mahalanobis metrics saved to plots/run-lejepa-trip-part-prob-aug-fracb-augb-4n/mahalanobis_eval/epoch_0054/mahalanobis_metrics.json
Mahalanobis AUC, QCD train vs WJet: 0.636826
Mahalanobis AUC, QCD val vs WJet: 0.638855
Mahalanobis AUC, QCD train vs WJet: 0.636826
Mahalanobis AUC, QCD val vs WJet: 0.638855
Epoch 54 train losses: {'total_loss': 0.33480360736246306, 'invariant_loss': 0.17065696694585672, 'sigreg_loss': 7.762787723785166, 'triplet_loss': 0.08901297669533802, 'triplet_pos_distance': 0.052780128286584564, 'triplet_neg_distance': 1.9814096800506573}
Epoch 54 val losses: {'total_loss': 0.2998217969220512, 'invariant_loss': 0.11543547400102323, 'sigreg_loss': 8.716517857142858, 'triplet_loss': 0.10054970836761046, 'triplet_pos_distance': 0.02661122704799078, 'triplet_neg_distance': 1.7898158212097324}
Updated run summary at plots/run-lejepa-trip-part-prob-aug-fracb-augb-4n/summary.json

Epoch [55/100]
Learning rate: 0.0005179323
Collecting background train latents...
Collecting background validation latents...
Collecting signal latents...
Background train latents: (99979, 128)
Background val latents: (24995, 128)
Signal latents: (4064, 128)
Mahalanobis metrics saved to plots/run-lejepa-trip-part-prob-aug-fracb-augb-4n/mahalanobis_eval/epoch_0055/mahalanobis_metrics.json
Mahalanobis AUC, QCD train vs WJet: 0.644954
Mahalanobis AUC, QCD val vs WJet: 0.646999
Mahalanobis AUC, QCD train vs WJet: 0.644954
Mahalanobis AUC, QCD val vs WJet: 0.646999
Epoch 55 train losses: {'total_loss': 0.3345818892311867, 'invariant_loss': 0.17090415457249297, 'sigreg_loss': 7.734934462915601, 'triplet_loss': 0.08965006217246166, 'triplet_pos_distance': 0.05215808195645547, 'triplet_neg_distance': 1.9646301949420548}
Epoch 55 val losses: {'total_loss': 0.3093074119212676, 'invariant_loss': 0.11258514970541, 'sigreg_loss': 9.277742346938776, 'triplet_loss': 0.11118089502715335, 'triplet_pos_distance': 0.026400360834727785, 'triplet_neg_distance': 1.6936006473035228}
Updated run summary at plots/run-lejepa-trip-part-prob-aug-fracb-augb-4n/summary.json

Epoch [56/100]
Learning rate: 0.0005005
Saved new best model to plots/run-lejepa-trip-part-prob-aug-fracb-augb-4n/best_model.pth
Collecting background train latents...
Collecting background validation latents...
Collecting signal latents...
Background train latents: (99979, 128)
Background val latents: (24995, 128)
Signal latents: (4064, 128)
Mahalanobis metrics saved to plots/run-lejepa-trip-part-prob-aug-fracb-augb-4n/mahalanobis_eval/epoch_0056/mahalanobis_metrics.json
Mahalanobis AUC, QCD train vs WJet: 0.624842
Mahalanobis AUC, QCD val vs WJet: 0.627066
Mahalanobis AUC, QCD train vs WJet: 0.624842
Mahalanobis AUC, QCD val vs WJet: 0.627066
Epoch 56 train losses: {'total_loss': 0.3350843264318793, 'invariant_loss': 0.17074555489222717, 'sigreg_loss': 7.775175831202046, 'triplet_loss': 0.08836176302617468, 'triplet_pos_distance': 0.05203105570257777, 'triplet_neg_distance': 1.9568950277765085}
Epoch 56 val losses: {'total_loss': 0.2975189760327339, 'invariant_loss': 0.12107652338335709, 'sigreg_loss': 8.338647959183673, 'triplet_loss': 0.0967447712865411, 'triplet_pos_distance': 0.02866872970718054, 'triplet_neg_distance': 1.6870771123438466}
Updated run summary at plots/run-lejepa-trip-part-prob-aug-fracb-augb-4n/summary.json

Epoch [57/100]
Learning rate: 0.0004830677
Saved new best model to plots/run-lejepa-trip-part-prob-aug-fracb-augb-4n/best_model.pth
Collecting background train latents...
Collecting background validation latents...
Collecting signal latents...
Background train latents: (99979, 128)
Background val latents: (24995, 128)
Signal latents: (4064, 128)
Mahalanobis metrics saved to plots/run-lejepa-trip-part-prob-aug-fracb-augb-4n/mahalanobis_eval/epoch_0057/mahalanobis_metrics.json
Mahalanobis AUC, QCD train vs WJet: 0.621847
Mahalanobis AUC, QCD val vs WJet: 0.624818
Mahalanobis AUC, QCD train vs WJet: 0.621847
Mahalanobis AUC, QCD val vs WJet: 0.624818
Epoch 57 train losses: {'total_loss': 0.3323530231595344, 'invariant_loss': 0.16903639277991125, 'sigreg_loss': 7.727121962915601, 'triplet_loss': 0.08768118285309628, 'triplet_pos_distance': 0.05205318526081417, 'triplet_neg_distance': 1.9864904583262666}
Epoch 57 val losses: {'total_loss': 0.29711237701834464, 'invariant_loss': 0.11455633890415941, 'sigreg_loss': 8.682238520408163, 'triplet_loss': 0.08947142599416631, 'triplet_pos_distance': 0.026509378656592905, 'triplet_neg_distance': 1.8529874785822265}
Updated run summary at plots/run-lejepa-trip-part-prob-aug-fracb-augb-4n/summary.json

Epoch [58/100]
Learning rate: 0.00046565664
Saved new best model to plots/run-lejepa-trip-part-prob-aug-fracb-augb-4n/best_model.pth
Collecting background train latents...
Collecting background validation latents...
Collecting signal latents...
Background train latents: (99979, 128)
Background val latents: (24995, 128)
Signal latents: (4064, 128)
Mahalanobis metrics saved to plots/run-lejepa-trip-part-prob-aug-fracb-augb-4n/mahalanobis_eval/epoch_0058/mahalanobis_metrics.json
Mahalanobis AUC, QCD train vs WJet: 0.618127
Mahalanobis AUC, QCD val vs WJet: 0.619863
Mahalanobis AUC, QCD train vs WJet: 0.618127
Mahalanobis AUC, QCD val vs WJet: 0.619863
Epoch 58 train losses: {'total_loss': 0.33339065820207375, 'invariant_loss': 0.16995480652812803, 'sigreg_loss': 7.735014386189258, 'triplet_loss': 0.08726245026721065, 'triplet_pos_distance': 0.05187275269261711, 'triplet_neg_distance': 1.9666462334830437}
Epoch 58 val losses: {'total_loss': 0.29550983133364694, 'invariant_loss': 0.11724919407647483, 'sigreg_loss': 8.46938775510204, 'triplet_loss': 0.08891815414690242, 'triplet_pos_distance': 0.026801309557821677, 'triplet_neg_distance': 1.896818326444042}
Updated run summary at plots/run-lejepa-trip-part-prob-aug-fracb-augb-4n/summary.json

Epoch [59/100]
Learning rate: 0.00044828803
Collecting background train latents...
Collecting background validation latents...
Collecting signal latents...
Background train latents: (99979, 128)
Background val latents: (24995, 128)
Signal latents: (4064, 128)
Mahalanobis metrics saved to plots/run-lejepa-trip-part-prob-aug-fracb-augb-4n/mahalanobis_eval/epoch_0059/mahalanobis_metrics.json
Mahalanobis AUC, QCD train vs WJet: 0.637210
Mahalanobis AUC, QCD val vs WJet: 0.639759
Mahalanobis AUC, QCD train vs WJet: 0.637210
Mahalanobis AUC, QCD val vs WJet: 0.639759
Epoch 59 train losses: {'total_loss': 0.3328604927986784, 'invariant_loss': 0.1695277677358264, 'sigreg_loss': 7.711037404092072, 'triplet_loss': 0.09125135870902892, 'triplet_pos_distance': 0.05194838793324235, 'triplet_neg_distance': 1.9263510274155367}
Epoch 59 val losses: {'total_loss': 0.3055575847321627, 'invariant_loss': 0.11173054587324055, 'sigreg_loss': 9.138233418367347, 'triplet_loss': 0.11080309307696867, 'triplet_pos_distance': 0.02600917421585443, 'triplet_neg_distance': 1.656280302271551}
Updated run summary at plots/run-lejepa-trip-part-prob-aug-fracb-augb-4n/summary.json

Epoch [60/100]
Learning rate: 0.00043098304
Collecting background train latents...
Collecting background validation latents...
Collecting signal latents...
Background train latents: (99979, 128)
Background val latents: (24995, 128)
Signal latents: (4064, 128)
Mahalanobis metrics saved to plots/run-lejepa-trip-part-prob-aug-fracb-augb-4n/mahalanobis_eval/epoch_0060/mahalanobis_metrics.json
Mahalanobis AUC, QCD train vs WJet: 0.627708
Mahalanobis AUC, QCD val vs WJet: 0.629660
Mahalanobis AUC, QCD train vs WJet: 0.627708
Mahalanobis AUC, QCD val vs WJet: 0.629660
Epoch 60 train losses: {'total_loss': 0.33151464831188815, 'invariant_loss': 0.16878872616287996, 'sigreg_loss': 7.693853900255754, 'triplet_loss': 0.08860504515754902, 'triplet_pos_distance': 0.051754439192469165, 'triplet_neg_distance': 1.9371992171268024}
Epoch 60 val losses: {'total_loss': 0.29568432978525455, 'invariant_loss': 0.11463259350584477, 'sigreg_loss': 8.603794642857142, 'triplet_loss': 0.08972456237795401, 'triplet_pos_distance': 0.026963455217643355, 'triplet_neg_distance': 1.8199791379120884}
Updated run summary at plots/run-lejepa-trip-part-prob-aug-fracb-augb-4n/summary.json

Epoch [61/100]
Learning rate: 0.00041376274
Collecting background train latents...
Collecting background validation latents...
Collecting signal latents...
Background train latents: (99979, 128)
Background val latents: (24995, 128)
Signal latents: (4064, 128)
Mahalanobis metrics saved to plots/run-lejepa-trip-part-prob-aug-fracb-augb-4n/mahalanobis_eval/epoch_0061/mahalanobis_metrics.json
Mahalanobis AUC, QCD train vs WJet: 0.628432
Mahalanobis AUC, QCD val vs WJet: 0.630370
Mahalanobis AUC, QCD train vs WJet: 0.628432
Mahalanobis AUC, QCD val vs WJet: 0.630370
Epoch 61 train losses: {'total_loss': 0.33116151289561824, 'invariant_loss': 0.16925481992685582, 'sigreg_loss': 7.660485933503836, 'triplet_loss': 0.08711881769339905, 'triplet_pos_distance': 0.05177642568431395, 'triplet_neg_distance': 1.9711280065729184}
Epoch 61 val losses: {'total_loss': 0.2962674511482521, 'invariant_loss': 0.11759233178228748, 'sigreg_loss': 8.490752551020408, 'triplet_loss': 0.08842928658182524, 'triplet_pos_distance': 0.027103403511894296, 'triplet_neg_distance': 1.839616880124929}
Updated run summary at plots/run-lejepa-trip-part-prob-aug-fracb-augb-4n/summary.json

Epoch [62/100]
Learning rate: 0.00039664811
Collecting background train latents...
Collecting background validation latents...
Collecting signal latents...
Background train latents: (99979, 128)
Background val latents: (24995, 128)
Signal latents: (4064, 128)
Mahalanobis metrics saved to plots/run-lejepa-trip-part-prob-aug-fracb-augb-4n/mahalanobis_eval/epoch_0062/mahalanobis_metrics.json
Mahalanobis AUC, QCD train vs WJet: 0.628776
Mahalanobis AUC, QCD val vs WJet: 0.630894
Mahalanobis AUC, QCD train vs WJet: 0.628776
Mahalanobis AUC, QCD val vs WJet: 0.630894
Epoch 62 train losses: {'total_loss': 0.3301593849383047, 'invariant_loss': 0.16852202104485553, 'sigreg_loss': 7.647618286445013, 'triplet_loss': 0.08676702869803551, 'triplet_pos_distance': 0.051277133500408335, 'triplet_neg_distance': 1.9796363810444122}
Epoch 62 val losses: {'total_loss': 0.295858414729639, 'invariant_loss': 0.11502002723210929, 'sigreg_loss': 8.618303571428571, 'triplet_loss': 0.0846514260320335, 'triplet_pos_distance': 0.02673302221168973, 'triplet_neg_distance': 1.8656984975143356}
Updated run summary at plots/run-lejepa-trip-part-prob-aug-fracb-augb-4n/summary.json

Epoch [63/100]
Learning rate: 0.00037966001
Collecting background train latents...
Collecting background validation latents...
Collecting signal latents...
Background train latents: (99979, 128)
Background val latents: (24995, 128)
Signal latents: (4064, 128)
Mahalanobis metrics saved to plots/run-lejepa-trip-part-prob-aug-fracb-augb-4n/mahalanobis_eval/epoch_0063/mahalanobis_metrics.json
Mahalanobis AUC, QCD train vs WJet: 0.632327
Mahalanobis AUC, QCD val vs WJet: 0.633668
Mahalanobis AUC, QCD train vs WJet: 0.632327
Mahalanobis AUC, QCD val vs WJet: 0.633668
Epoch 63 train losses: {'total_loss': 0.32996307786011025, 'invariant_loss': 0.16796600557577884, 'sigreg_loss': 7.670835997442455, 'triplet_loss': 0.08566862437159509, 'triplet_pos_distance': 0.051108534845625955, 'triplet_neg_distance': 1.9937793981388707}
Epoch 63 val losses: {'total_loss': 0.29832026841385023, 'invariant_loss': 0.11150389210302003, 'sigreg_loss': 8.805644132653061, 'triplet_loss': 0.1071375704237393, 'triplet_pos_distance': 0.02578738645403361, 'triplet_neg_distance': 1.6927590412752969}
Updated run summary at plots/run-lejepa-trip-part-prob-aug-fracb-augb-4n/summary.json

Epoch [64/100]
Learning rate: 0.00036281914
Collecting background train latents...
Collecting background validation latents...
Collecting signal latents...
Background train latents: (99979, 128)
Background val latents: (24995, 128)
Signal latents: (4064, 128)
Mahalanobis metrics saved to plots/run-lejepa-trip-part-prob-aug-fracb-augb-4n/mahalanobis_eval/epoch_0064/mahalanobis_metrics.json
Mahalanobis AUC, QCD train vs WJet: 0.641894
Mahalanobis AUC, QCD val vs WJet: 0.643479
Mahalanobis AUC, QCD train vs WJet: 0.641894
Mahalanobis AUC, QCD val vs WJet: 0.643479
Epoch 64 train losses: {'total_loss': 0.3286782460063315, 'invariant_loss': 0.1684238323012886, 'sigreg_loss': 7.582720588235294, 'triplet_loss': 0.08592505286664456, 'triplet_pos_distance': 0.05158937205096035, 'triplet_neg_distance': 1.9831971585598138}
Epoch 64 val losses: {'total_loss': 0.30024407393470104, 'invariant_loss': 0.10832327950213637, 'sigreg_loss': 9.077008928571429, 'triplet_loss': 0.10367362436895468, 'triplet_pos_distance': 0.02457535001259221, 'triplet_neg_distance': 1.7669309943306202}
Updated run summary at plots/run-lejepa-trip-part-prob-aug-fracb-augb-4n/summary.json

Epoch [65/100]
Learning rate: 0.00034614601
Saved new best model to plots/run-lejepa-trip-part-prob-aug-fracb-augb-4n/best_model.pth
Collecting background train latents...
Collecting background validation latents...
Collecting signal latents...
Background train latents: (99979, 128)
Background val latents: (24995, 128)
Signal latents: (4064, 128)
Mahalanobis metrics saved to plots/run-lejepa-trip-part-prob-aug-fracb-augb-4n/mahalanobis_eval/epoch_0065/mahalanobis_metrics.json
Mahalanobis AUC, QCD train vs WJet: 0.637638
Mahalanobis AUC, QCD val vs WJet: 0.639409
Mahalanobis AUC, QCD train vs WJet: 0.637638
Mahalanobis AUC, QCD val vs WJet: 0.639409
Epoch 65 train losses: {'total_loss': 0.32835202505978783, 'invariant_loss': 0.16727401312354886, 'sigreg_loss': 7.6286764705882355, 'triplet_loss': 0.0849823546464867, 'triplet_pos_distance': 0.051089726679046134, 'triplet_neg_distance': 2.0025274154475277}
Epoch 65 val losses: {'total_loss': 0.2930085321470183, 'invariant_loss': 0.11500950727839859, 'sigreg_loss': 8.40640943877551, 'triplet_loss': 0.09865854868703351, 'triplet_pos_distance': 0.02657535443158478, 'triplet_neg_distance': 1.7426280391459563}
Updated run summary at plots/run-lejepa-trip-part-prob-aug-fracb-augb-4n/summary.json

Epoch [66/100]
Learning rate: 0.00032966094
Collecting background train latents...
Collecting background validation latents...
Collecting signal latents...
Background train latents: (99979, 128)
Background val latents: (24995, 128)
Signal latents: (4064, 128)
Mahalanobis metrics saved to plots/run-lejepa-trip-part-prob-aug-fracb-augb-4n/mahalanobis_eval/epoch_0066/mahalanobis_metrics.json
Mahalanobis AUC, QCD train vs WJet: 0.634128
Mahalanobis AUC, QCD val vs WJet: 0.636082
Mahalanobis AUC, QCD train vs WJet: 0.634128
Mahalanobis AUC, QCD val vs WJet: 0.636082
Epoch 66 train losses: {'total_loss': 0.3268258176420046, 'invariant_loss': 0.16671464056767465, 'sigreg_loss': 7.584359015345268, 'triplet_loss': 0.08434908515523615, 'triplet_pos_distance': 0.05088507379298015, 'triplet_neg_distance': 1.9705323535767967}
Epoch 66 val losses: {'total_loss': 0.3004456221753237, 'invariant_loss': 0.11104456711636514, 'sigreg_loss': 8.99202806122449, 'triplet_loss': 0.09541660600474902, 'triplet_pos_distance': 0.02644680965957897, 'triplet_neg_distance': 1.7685733419291827}
Updated run summary at plots/run-lejepa-trip-part-prob-aug-fracb-augb-4n/summary.json

Epoch [67/100]
Learning rate: 0.00031338401
Saved new best model to plots/run-lejepa-trip-part-prob-aug-fracb-augb-4n/best_model.pth
Collecting background train latents...
Collecting background validation latents...
Collecting signal latents...
Background train latents: (99979, 128)
Background val latents: (24995, 128)
Signal latents: (4064, 128)
Mahalanobis metrics saved to plots/run-lejepa-trip-part-prob-aug-fracb-augb-4n/mahalanobis_eval/epoch_0067/mahalanobis_metrics.json
Mahalanobis AUC, QCD train vs WJet: 0.622058
Mahalanobis AUC, QCD val vs WJet: 0.624053
Mahalanobis AUC, QCD train vs WJet: 0.622058
Mahalanobis AUC, QCD val vs WJet: 0.624053
Epoch 67 train losses: {'total_loss': 0.32658497352734245, 'invariant_loss': 0.16745582434451184, 'sigreg_loss': 7.543598145780051, 'triplet_loss': 0.08237127370446387, 'triplet_pos_distance': 0.051509790632235423, 'triplet_neg_distance': 1.981935099110274}
Epoch 67 val losses: {'total_loss': 0.2928704651338713, 'invariant_loss': 0.1119037040946435, 'sigreg_loss': 8.628188775510203, 'triplet_loss': 0.08391725897256817, 'triplet_pos_distance': 0.02694436584656336, 'triplet_neg_distance': 1.8218686890845397}
Updated run summary at plots/run-lejepa-trip-part-prob-aug-fracb-augb-4n/summary.json

Epoch [68/100]
Learning rate: 0.00029733505
Collecting background train latents...
Collecting background validation latents...
Collecting signal latents...
Background train latents: (99979, 128)
Background val latents: (24995, 128)
Signal latents: (4064, 128)
Mahalanobis metrics saved to plots/run-lejepa-trip-part-prob-aug-fracb-augb-4n/mahalanobis_eval/epoch_0068/mahalanobis_metrics.json
Mahalanobis AUC, QCD train vs WJet: 0.634290
Mahalanobis AUC, QCD val vs WJet: 0.636194
Mahalanobis AUC, QCD train vs WJet: 0.634290
Mahalanobis AUC, QCD val vs WJet: 0.636194
Epoch 68 train losses: {'total_loss': 0.32608233458931796, 'invariant_loss': 0.16718916657864286, 'sigreg_loss': 7.537384111253197, 'triplet_loss': 0.08120407672870494, 'triplet_pos_distance': 0.050639128607824026, 'triplet_neg_distance': 1.9916075102203643}
Epoch 68 val losses: {'total_loss': 0.29370361482914614, 'invariant_loss': 0.11533596408458388, 'sigreg_loss': 8.46157525510204, 'triplet_loss': 0.09138339001457302, 'triplet_pos_distance': 0.02659455876873464, 'triplet_neg_distance': 1.8488626759879443}
Updated run summary at plots/run-lejepa-trip-part-prob-aug-fracb-augb-4n/summary.json

Epoch [69/100]
Learning rate: 0.00028153361
Collecting background train latents...
Collecting background validation latents...
Collecting signal latents...
Background train latents: (99979, 128)
Background val latents: (24995, 128)
Signal latents: (4064, 128)
Mahalanobis metrics saved to plots/run-lejepa-trip-part-prob-aug-fracb-augb-4n/mahalanobis_eval/epoch_0069/mahalanobis_metrics.json
Mahalanobis AUC, QCD train vs WJet: 0.633886
Mahalanobis AUC, QCD val vs WJet: 0.635937
Mahalanobis AUC, QCD train vs WJet: 0.633886
Mahalanobis AUC, QCD val vs WJet: 0.635937
Epoch 69 train losses: {'total_loss': 0.325206856936445, 'invariant_loss': 0.1664626900001865, 'sigreg_loss': 7.5193813938618925, 'triplet_loss': 0.08343548724508804, 'triplet_pos_distance': 0.050784211562913094, 'triplet_neg_distance': 1.988241422359291}
Epoch 69 val losses: {'total_loss': 0.29370516371362065, 'invariant_loss': 0.1128920110284674, 'sigreg_loss': 8.603794642857142, 'triplet_loss': 0.08746330244276597, 'triplet_pos_distance': 0.026308404310245295, 'triplet_neg_distance': 1.8381988205471818}
Updated run summary at plots/run-lejepa-trip-part-prob-aug-fracb-augb-4n/summary.json

Epoch [70/100]
Learning rate: 0.00026599895
Saved new best model to plots/run-lejepa-trip-part-prob-aug-fracb-augb-4n/best_model.pth
Collecting background train latents...
Collecting background validation latents...
Collecting signal latents...
Background train latents: (99979, 128)
Background val latents: (24995, 128)
Signal latents: (4064, 128)
Mahalanobis metrics saved to plots/run-lejepa-trip-part-prob-aug-fracb-augb-4n/mahalanobis_eval/epoch_0070/mahalanobis_metrics.json
Mahalanobis AUC, QCD train vs WJet: 0.621210
Mahalanobis AUC, QCD val vs WJet: 0.623220
Mahalanobis AUC, QCD train vs WJet: 0.621210
Mahalanobis AUC, QCD val vs WJet: 0.623220
Epoch 70 train losses: {'total_loss': 0.3246830311577643, 'invariant_loss': 0.16662299305276798, 'sigreg_loss': 7.489889705882353, 'triplet_loss': 0.08266337052502139, 'triplet_pos_distance': 0.051085086172575234, 'triplet_neg_distance': 2.002902248631353}
Epoch 70 val losses: {'total_loss': 0.29192094565654286, 'invariant_loss': 0.11535794325933164, 'sigreg_loss': 8.424266581632653, 'triplet_loss': 0.08051163028469499, 'triplet_pos_distance': 0.027455882150299694, 'triplet_neg_distance': 1.8673244684326404}
Updated run summary at plots/run-lejepa-trip-part-prob-aug-fracb-augb-4n/summary.json

Epoch [71/100]
Learning rate: 0.00025075
Collecting background train latents...
Collecting background validation latents...
Collecting signal latents...
Background train latents: (99979, 128)
Background val latents: (24995, 128)
Signal latents: (4064, 128)
Mahalanobis metrics saved to plots/run-lejepa-trip-part-prob-aug-fracb-augb-4n/mahalanobis_eval/epoch_0071/mahalanobis_metrics.json
Mahalanobis AUC, QCD train vs WJet: 0.633602
Mahalanobis AUC, QCD val vs WJet: 0.636091
Mahalanobis AUC, QCD train vs WJet: 0.633602
Mahalanobis AUC, QCD val vs WJet: 0.636091
Epoch 71 train losses: {'total_loss': 0.32369022429599176, 'invariant_loss': 0.1664841835722899, 'sigreg_loss': 7.454024136828645, 'triplet_loss': 0.08118537286548969, 'triplet_pos_distance': 0.05106347102833831, 'triplet_neg_distance': 2.015382621751722}
Epoch 71 val losses: {'total_loss': 0.2958071355764963, 'invariant_loss': 0.10812734280313764, 'sigreg_loss': 8.95248724489796, 'triplet_loss': 0.08617594011356028, 'triplet_pos_distance': 0.025461668937410017, 'triplet_neg_distance': 1.856922675760425}
Updated run summary at plots/run-lejepa-trip-part-prob-aug-fracb-augb-4n/summary.json

Epoch [72/100]
Learning rate: 0.00023580533
Saved new best model to plots/run-lejepa-trip-part-prob-aug-fracb-augb-4n/best_model.pth
Collecting background train latents...
Collecting background validation latents...
Collecting signal latents...
Background train latents: (99979, 128)
Background val latents: (24995, 128)
Signal latents: (4064, 128)
Mahalanobis metrics saved to plots/run-lejepa-trip-part-prob-aug-fracb-augb-4n/mahalanobis_eval/epoch_0072/mahalanobis_metrics.json
Mahalanobis AUC, QCD train vs WJet: 0.626578
Mahalanobis AUC, QCD val vs WJet: 0.628077
Mahalanobis AUC, QCD train vs WJet: 0.626578
Mahalanobis AUC, QCD val vs WJet: 0.628077
Epoch 72 train losses: {'total_loss': 0.3238913950407901, 'invariant_loss': 0.16584093912559397, 'sigreg_loss': 7.502837276214834, 'triplet_loss': 0.07997004724467349, 'triplet_pos_distance': 0.0506548002085951, 'triplet_neg_distance': 2.033782782152181}
Epoch 72 val losses: {'total_loss': 0.2841585926255401, 'invariant_loss': 0.11537492005344556, 'sigreg_loss': 8.027264030612244, 'triplet_loss': 0.08243774082891796, 'triplet_pos_distance': 0.027161822887137532, 'triplet_neg_distance': 1.895924996356575}
Updated run summary at plots/run-lejepa-trip-part-prob-aug-fracb-augb-4n/summary.json

Epoch [73/100]
Learning rate: 0.00022118314
Collecting background train latents...
Collecting background validation latents...
Collecting signal latents...
Background train latents: (99979, 128)
Background val latents: (24995, 128)
Signal latents: (4064, 128)
Mahalanobis metrics saved to plots/run-lejepa-trip-part-prob-aug-fracb-augb-4n/mahalanobis_eval/epoch_0073/mahalanobis_metrics.json
Mahalanobis AUC, QCD train vs WJet: 0.635566
Mahalanobis AUC, QCD val vs WJet: 0.637367
Mahalanobis AUC, QCD train vs WJet: 0.635566
Mahalanobis AUC, QCD val vs WJet: 0.637367
Epoch 73 train losses: {'total_loss': 0.32317436869492006, 'invariant_loss': 0.16655660300608485, 'sigreg_loss': 7.432664641943734, 'triplet_loss': 0.07982328086329238, 'triplet_pos_distance': 0.050951730505184596, 'triplet_neg_distance': 2.003214948622467}
Epoch 73 val losses: {'total_loss': 0.28757162202073605, 'invariant_loss': 0.11259978405218951, 'sigreg_loss': 8.324298469387756, 'triplet_loss': 0.08495335058518211, 'triplet_pos_distance': 0.026236354211839487, 'triplet_neg_distance': 1.8252237913559894}
Updated run summary at plots/run-lejepa-trip-part-prob-aug-fracb-augb-4n/summary.json

Epoch [74/100]
Learning rate: 0.00020690127
Collecting background train latents...
Collecting background validation latents...
Collecting signal latents...
Background train latents: (99979, 128)
Background val latents: (24995, 128)
Signal latents: (4064, 128)
Mahalanobis metrics saved to plots/run-lejepa-trip-part-prob-aug-fracb-augb-4n/mahalanobis_eval/epoch_0074/mahalanobis_metrics.json
Mahalanobis AUC, QCD train vs WJet: 0.615900
Mahalanobis AUC, QCD val vs WJet: 0.617914
Mahalanobis AUC, QCD train vs WJet: 0.615900
Mahalanobis AUC, QCD val vs WJet: 0.617914
Epoch 74 train losses: {'total_loss': 0.32282518090494455, 'invariant_loss': 0.16597612316498672, 'sigreg_loss': 7.447450447570333, 'triplet_loss': 0.07898297040339779, 'triplet_pos_distance': 0.05085519076708485, 'triplet_neg_distance': 2.0292791062608706}
Epoch 74 val losses: {'total_loss': 0.2912290872511815, 'invariant_loss': 0.11543948997800448, 'sigreg_loss': 8.396364795918368, 'triplet_loss': 0.07880637796633706, 'triplet_pos_distance': 0.02772086983717674, 'triplet_neg_distance': 1.8540387980791988}
Updated run summary at plots/run-lejepa-trip-part-prob-aug-fracb-augb-4n/summary.json

Epoch [75/100]
Learning rate: 0.00019297709
Collecting background train latents...
Collecting background validation latents...
Collecting signal latents...
Background train latents: (99979, 128)
Background val latents: (24995, 128)
Signal latents: (4064, 128)
Mahalanobis metrics saved to plots/run-lejepa-trip-part-prob-aug-fracb-augb-4n/mahalanobis_eval/epoch_0075/mahalanobis_metrics.json
Mahalanobis AUC, QCD train vs WJet: 0.640112
Mahalanobis AUC, QCD val vs WJet: 0.642614
Mahalanobis AUC, QCD train vs WJet: 0.640112
Mahalanobis AUC, QCD val vs WJet: 0.642614
Epoch 75 train losses: {'total_loss': 0.3211613339002785, 'invariant_loss': 0.16506614381699916, 'sigreg_loss': 7.400775255754476, 'triplet_loss': 0.08079782850049494, 'triplet_pos_distance': 0.05061277660929486, 'triplet_neg_distance': 2.0192252786263176}
Epoch 75 val losses: {'total_loss': 0.2880405272756304, 'invariant_loss': 0.10958331576263418, 'sigreg_loss': 8.481186224489797, 'triplet_loss': 0.08841759259147304, 'triplet_pos_distance': 0.025793760154890467, 'triplet_neg_distance': 1.8451006461162955}
Updated run summary at plots/run-lejepa-trip-part-prob-aug-fracb-augb-4n/summary.json

Epoch [76/100]
Learning rate: 0.00017942759
Collecting background train latents...
Collecting background validation latents...
Collecting signal latents...
Background train latents: (99979, 128)
Background val latents: (24995, 128)
Signal latents: (4064, 128)
Mahalanobis metrics saved to plots/run-lejepa-trip-part-prob-aug-fracb-augb-4n/mahalanobis_eval/epoch_0076/mahalanobis_metrics.json
Mahalanobis AUC, QCD train vs WJet: 0.627433
Mahalanobis AUC, QCD val vs WJet: 0.628461
Mahalanobis AUC, QCD train vs WJet: 0.627433
Mahalanobis AUC, QCD val vs WJet: 0.628461
Epoch 76 train losses: {'total_loss': 0.32078264998581707, 'invariant_loss': 0.1650595142103522, 'sigreg_loss': 7.388507033248082, 'triplet_loss': 0.07947497315171277, 'triplet_pos_distance': 0.05056258124749526, 'triplet_neg_distance': 2.0292543212471106}
Epoch 76 val losses: {'total_loss': 0.2856994767730333, 'invariant_loss': 0.11398054636558708, 'sigreg_loss': 8.14891581632653, 'triplet_loss': 0.08745099512898193, 'triplet_pos_distance': 0.026594011944585612, 'triplet_neg_distance': 1.8287224410747995}
Updated run summary at plots/run-lejepa-trip-part-prob-aug-fracb-augb-4n/summary.json

Epoch [77/100]
Learning rate: 0.00016626926
Collecting background train latents...
Collecting background validation latents...
Collecting signal latents...
Background train latents: (99979, 128)
Background val latents: (24995, 128)
Signal latents: (4064, 128)
Mahalanobis metrics saved to plots/run-lejepa-trip-part-prob-aug-fracb-augb-4n/mahalanobis_eval/epoch_0077/mahalanobis_metrics.json
Mahalanobis AUC, QCD train vs WJet: 0.636801
Mahalanobis AUC, QCD val vs WJet: 0.638397
Mahalanobis AUC, QCD train vs WJet: 0.636801
Mahalanobis AUC, QCD val vs WJet: 0.638397
Epoch 77 train losses: {'total_loss': 0.31940087451196997, 'invariant_loss': 0.16447406490821667, 'sigreg_loss': 7.351942135549872, 'triplet_loss': 0.0789108552619853, 'triplet_pos_distance': 0.05007250514119635, 'triplet_neg_distance': 2.007321406051021}
Epoch 77 val losses: {'total_loss': 0.2883354003484152, 'invariant_loss': 0.11037260020265774, 'sigreg_loss': 8.449457908163266, 'triplet_loss': 0.08980119395620968, 'triplet_pos_distance': 0.025784575209325672, 'triplet_neg_distance': 1.8037049660877305}
Updated run summary at plots/run-lejepa-trip-part-prob-aug-fracb-augb-4n/summary.json

Epoch [78/100]
Learning rate: 0.00015351814
Collecting background train latents...
Collecting background validation latents...
Collecting signal latents...
Background train latents: (99979, 128)
Background val latents: (24995, 128)
Signal latents: (4064, 128)
Mahalanobis metrics saved to plots/run-lejepa-trip-part-prob-aug-fracb-augb-4n/mahalanobis_eval/epoch_0078/mahalanobis_metrics.json
Mahalanobis AUC, QCD train vs WJet: 0.629973
Mahalanobis AUC, QCD val vs WJet: 0.631595
Mahalanobis AUC, QCD train vs WJet: 0.629973
Mahalanobis AUC, QCD val vs WJet: 0.631595
Epoch 78 train losses: {'total_loss': 0.32031409135636163, 'invariant_loss': 0.16498967469729425, 'sigreg_loss': 7.374240728900256, 'triplet_loss': 0.07843494695394546, 'triplet_pos_distance': 0.05034307559566272, 'triplet_neg_distance': 2.0273742800783316}
Epoch 78 val losses: {'total_loss': 0.2842240025650482, 'invariant_loss': 0.1163139605932698, 'sigreg_loss': 7.994897959183674, 'triplet_loss': 0.08025336031782992, 'triplet_pos_distance': 0.027492168559027568, 'triplet_neg_distance': 1.873488932239766}
Updated run summary at plots/run-lejepa-trip-part-prob-aug-fracb-augb-4n/summary.json

Epoch [79/100]
Learning rate: 0.00014118977
Collecting background train latents...
Collecting background validation latents...
Collecting signal latents...
Background train latents: (99979, 128)
Background val latents: (24995, 128)
Signal latents: (4064, 128)
Mahalanobis metrics saved to plots/run-lejepa-trip-part-prob-aug-fracb-augb-4n/mahalanobis_eval/epoch_0079/mahalanobis_metrics.json
Mahalanobis AUC, QCD train vs WJet: 0.633766
Mahalanobis AUC, QCD val vs WJet: 0.635090
Mahalanobis AUC, QCD train vs WJet: 0.633766
Mahalanobis AUC, QCD val vs WJet: 0.635090
Epoch 79 train losses: {'total_loss': 0.3200104580739575, 'invariant_loss': 0.16522878158808973, 'sigreg_loss': 7.351442615089514, 'triplet_loss': 0.07745327198368204, 'triplet_pos_distance': 0.05059970601859605, 'triplet_neg_distance': 2.030714902274139}
Epoch 79 val losses: {'total_loss': 0.2860118151471323, 'invariant_loss': 0.11169230211906288, 'sigreg_loss': 8.291135204081632, 'triplet_loss': 0.08535571449569293, 'triplet_pos_distance': 0.025176686325053474, 'triplet_neg_distance': 1.8809900697396726}
Updated run summary at plots/run-lejepa-trip-part-prob-aug-fracb-augb-4n/summary.json

Epoch [80/100]
Learning rate: 0.00012929916
Collecting background train latents...
Collecting background validation latents...
Collecting signal latents...
Background train latents: (99979, 128)
Background val latents: (24995, 128)
Signal latents: (4064, 128)
Mahalanobis metrics saved to plots/run-lejepa-trip-part-prob-aug-fracb-augb-4n/mahalanobis_eval/epoch_0080/mahalanobis_metrics.json
Mahalanobis AUC, QCD train vs WJet: 0.628469
Mahalanobis AUC, QCD val vs WJet: 0.630072
Mahalanobis AUC, QCD train vs WJet: 0.628469
Mahalanobis AUC, QCD val vs WJet: 0.630072
Epoch 80 train losses: {'total_loss': 0.31933452249945277, 'invariant_loss': 0.1650008444324174, 'sigreg_loss': 7.327305786445013, 'triplet_loss': 0.07780615924893285, 'triplet_pos_distance': 0.0505746196469535, 'triplet_neg_distance': 2.0383492842354736}
Epoch 80 val losses: {'total_loss': 0.29150532664997236, 'invariant_loss': 0.1107942774815827, 'sigreg_loss': 8.627232142857142, 'triplet_loss': 0.08136014606119418, 'triplet_pos_distance': 0.026260499452829968, 'triplet_neg_distance': 1.8590889938023625}
Updated run summary at plots/run-lejepa-trip-part-prob-aug-fracb-augb-4n/summary.json

Epoch [81/100]
Learning rate: 0.0001178608
Collecting background train latents...
Collecting background validation latents...
Collecting signal latents...
Background train latents: (99979, 128)
Background val latents: (24995, 128)
Signal latents: (4064, 128)
Mahalanobis metrics saved to plots/run-lejepa-trip-part-prob-aug-fracb-augb-4n/mahalanobis_eval/epoch_0081/mahalanobis_metrics.json
Mahalanobis AUC, QCD train vs WJet: 0.640670
Mahalanobis AUC, QCD val vs WJet: 0.642369
Mahalanobis AUC, QCD train vs WJet: 0.640670
Mahalanobis AUC, QCD val vs WJet: 0.642369
Epoch 81 train losses: {'total_loss': 0.31780398600851484, 'invariant_loss': 0.16458038015819876, 'sigreg_loss': 7.279451726342711, 'triplet_loss': 0.07648355580980667, 'triplet_pos_distance': 0.05026318890321285, 'triplet_neg_distance': 2.046994822714335}
Epoch 81 val losses: {'total_loss': 0.28670974113807385, 'invariant_loss': 0.1099085296523206, 'sigreg_loss': 8.417251275510203, 'triplet_loss': 0.08458777671033631, 'triplet_pos_distance': 0.025483112653945476, 'triplet_neg_distance': 1.8805664212119824}
Updated run summary at plots/run-lejepa-trip-part-prob-aug-fracb-augb-4n/summary.json

Epoch [82/100]
Learning rate: 0.00010688863
Saved new best model to plots/run-lejepa-trip-part-prob-aug-fracb-augb-4n/best_model.pth
Collecting background train latents...
Collecting background validation latents...
Collecting signal latents...
Background train latents: (99979, 128)
Background val latents: (24995, 128)
Signal latents: (4064, 128)
Mahalanobis metrics saved to plots/run-lejepa-trip-part-prob-aug-fracb-augb-4n/mahalanobis_eval/epoch_0082/mahalanobis_metrics.json
Mahalanobis AUC, QCD train vs WJet: 0.632304
Mahalanobis AUC, QCD val vs WJet: 0.633201
Mahalanobis AUC, QCD train vs WJet: 0.632304
Mahalanobis AUC, QCD val vs WJet: 0.633201
Epoch 82 train losses: {'total_loss': 0.3187987535353512, 'invariant_loss': 0.1652291617582521, 'sigreg_loss': 7.3006713554987215, 'triplet_loss': 0.0754976729812372, 'triplet_pos_distance': 0.050498776876217566, 'triplet_neg_distance': 2.0592005048566464}
Epoch 82 val losses: {'total_loss': 0.28384715911685204, 'invariant_loss': 0.11186157360825004, 'sigreg_loss': 8.204719387755102, 'triplet_loss': 0.07910631429784153, 'triplet_pos_distance': 0.026295843505661706, 'triplet_neg_distance': 1.87933834535735}
Updated run summary at plots/run-lejepa-trip-part-prob-aug-fracb-augb-4n/summary.json

Epoch [83/100]
Learning rate: 9.6396011e-05
Saved new best model to plots/run-lejepa-trip-part-prob-aug-fracb-augb-4n/best_model.pth
Collecting background train latents...
Collecting background validation latents...
Collecting signal latents...
Background train latents: (99979, 128)
Background val latents: (24995, 128)
Signal latents: (4064, 128)
Mahalanobis metrics saved to plots/run-lejepa-trip-part-prob-aug-fracb-augb-4n/mahalanobis_eval/epoch_0083/mahalanobis_metrics.json
Mahalanobis AUC, QCD train vs WJet: 0.629926
Mahalanobis AUC, QCD val vs WJet: 0.631050
Mahalanobis AUC, QCD train vs WJet: 0.629926
Mahalanobis AUC, QCD val vs WJet: 0.631050
Epoch 83 train losses: {'total_loss': 0.3184119010596629, 'invariant_loss': 0.16446998444816952, 'sigreg_loss': 7.318334398976982, 'triplet_loss': 0.07564936058781564, 'triplet_pos_distance': 0.0499439586163558, 'triplet_neg_distance': 2.0718627956212328}
Epoch 83 val losses: {'total_loss': 0.2830994973833464, 'invariant_loss': 0.111020011447218, 'sigreg_loss': 8.215242346938776, 'triplet_loss': 0.07772845652296531, 'triplet_pos_distance': 0.025740930178601826, 'triplet_neg_distance': 1.9153114539019915}
Updated run summary at plots/run-lejepa-trip-part-prob-aug-fracb-augb-4n/summary.json

Epoch [84/100]
Learning rate: 8.6395733e-05
Collecting background train latents...
Collecting background validation latents...
Collecting signal latents...
Background train latents: (99979, 128)
Background val latents: (24995, 128)
Signal latents: (4064, 128)
Mahalanobis metrics saved to plots/run-lejepa-trip-part-prob-aug-fracb-augb-4n/mahalanobis_eval/epoch_0084/mahalanobis_metrics.json
Mahalanobis AUC, QCD train vs WJet: 0.627413
Mahalanobis AUC, QCD val vs WJet: 0.628832
Mahalanobis AUC, QCD train vs WJet: 0.627413
Mahalanobis AUC, QCD val vs WJet: 0.628832
Epoch 84 train losses: {'total_loss': 0.317648155419418, 'invariant_loss': 0.16422764720666744, 'sigreg_loss': 7.295376438618926, 'triplet_loss': 0.07502461099506491, 'triplet_pos_distance': 0.049921979694186575, 'triplet_neg_distance': 2.0802745715431543}
Epoch 84 val losses: {'total_loss': 0.2833957488895679, 'invariant_loss': 0.11380230852079634, 'sigreg_loss': 8.09295280612245, 'triplet_loss': 0.0771823941672943, 'triplet_pos_distance': 0.025885829036789283, 'triplet_neg_distance': 1.9277876956122262}
Updated run summary at plots/run-lejepa-trip-part-prob-aug-fracb-augb-4n/summary.json

Epoch [85/100]
Learning rate: 7.6899976e-05
Collecting background train latents...
Collecting background validation latents...
Collecting signal latents...
Background train latents: (99979, 128)
Background val latents: (24995, 128)
Signal latents: (4064, 128)
Mahalanobis metrics saved to plots/run-lejepa-trip-part-prob-aug-fracb-augb-4n/mahalanobis_eval/epoch_0085/mahalanobis_metrics.json
Mahalanobis AUC, QCD train vs WJet: 0.635415
Mahalanobis AUC, QCD val vs WJet: 0.637690
Mahalanobis AUC, QCD train vs WJet: 0.635415
Mahalanobis AUC, QCD val vs WJet: 0.637690
Epoch 85 train losses: {'total_loss': 0.3177059578621174, 'invariant_loss': 0.16479895197217118, 'sigreg_loss': 7.272298593350383, 'triplet_loss': 0.0746662571854756, 'triplet_pos_distance': 0.050317521295164855, 'triplet_neg_distance': 2.0654771109981}
Epoch 85 val losses: {'total_loss': 0.28407803200641457, 'invariant_loss': 0.11150257928030831, 'sigreg_loss': 8.223054846938776, 'triplet_loss': 0.08114357190016581, 'triplet_pos_distance': 0.025563380163048908, 'triplet_neg_distance': 1.885001389347777}
Updated run summary at plots/run-lejepa-trip-part-prob-aug-fracb-augb-4n/summary.json

Epoch [86/100]
Learning rate: 6.7920311e-05
Saved new best model to plots/run-lejepa-trip-part-prob-aug-fracb-augb-4n/best_model.pth
Collecting background train latents...
Collecting background validation latents...
Collecting signal latents...
Background train latents: (99979, 128)
Background val latents: (24995, 128)
Signal latents: (4064, 128)
Mahalanobis metrics saved to plots/run-lejepa-trip-part-prob-aug-fracb-augb-4n/mahalanobis_eval/epoch_0086/mahalanobis_metrics.json
Mahalanobis AUC, QCD train vs WJet: 0.631407
Mahalanobis AUC, QCD val vs WJet: 0.633094
Mahalanobis AUC, QCD train vs WJet: 0.631407
Mahalanobis AUC, QCD val vs WJet: 0.633094
Epoch 86 train losses: {'total_loss': 0.3164919263033001, 'invariant_loss': 0.16421016892584997, 'sigreg_loss': 7.241648017902813, 'triplet_loss': 0.07432685088833123, 'triplet_pos_distance': 0.049907272481514366, 'triplet_neg_distance': 2.0703641165552846}
Epoch 86 val losses: {'total_loss': 0.27866474318565154, 'invariant_loss': 0.11166306607881371, 'sigreg_loss': 7.958067602040816, 'triplet_loss': 0.07826973478861, 'triplet_pos_distance': 0.025873258239494597, 'triplet_neg_distance': 1.924831432347395}
Updated run summary at plots/run-lejepa-trip-part-prob-aug-fracb-augb-4n/summary.json

Epoch [87/100]
Learning rate: 5.9467677e-05
Collecting background train latents...
Collecting background validation latents...
Collecting signal latents...
Background train latents: (99979, 128)
Background val latents: (24995, 128)
Signal latents: (4064, 128)
Mahalanobis metrics saved to plots/run-lejepa-trip-part-prob-aug-fracb-augb-4n/mahalanobis_eval/epoch_0087/mahalanobis_metrics.json
Mahalanobis AUC, QCD train vs WJet: 0.628145
Mahalanobis AUC, QCD val vs WJet: 0.629710
Mahalanobis AUC, QCD train vs WJet: 0.628145
Mahalanobis AUC, QCD val vs WJet: 0.629710
Epoch 87 train losses: {'total_loss': 0.3160599126382862, 'invariant_loss': 0.16398697630371278, 'sigreg_loss': 7.231757512787723, 'triplet_loss': 0.07436784782716076, 'triplet_pos_distance': 0.05009799771715918, 'triplet_neg_distance': 2.0706198593539655}
Epoch 87 val losses: {'total_loss': 0.2841464792739372, 'invariant_loss': 0.1119676098911738, 'sigreg_loss': 8.22640306122449, 'triplet_loss': 0.07640544545589661, 'triplet_pos_distance': 0.026090717541852167, 'triplet_neg_distance': 1.9153264274402542}
Updated run summary at plots/run-lejepa-trip-part-prob-aug-fracb-augb-4n/summary.json

Epoch [88/100]
Learning rate: 5.1552374e-05
Collecting background train latents...
Collecting background validation latents...
Collecting signal latents...
Background train latents: (99979, 128)
Background val latents: (24995, 128)
Signal latents: (4064, 128)
Mahalanobis metrics saved to plots/run-lejepa-trip-part-prob-aug-fracb-augb-4n/mahalanobis_eval/epoch_0088/mahalanobis_metrics.json
Mahalanobis AUC, QCD train vs WJet: 0.632301
Mahalanobis AUC, QCD val vs WJet: 0.634573
Mahalanobis AUC, QCD train vs WJet: 0.632301
Mahalanobis AUC, QCD val vs WJet: 0.634573
Epoch 88 train losses: {'total_loss': 0.315684199542798, 'invariant_loss': 0.1636844280049624, 'sigreg_loss': 7.235693734015345, 'triplet_loss': 0.07296808436989327, 'triplet_pos_distance': 0.04968864985210512, 'triplet_neg_distance': 2.092803643944928}
Epoch 88 val losses: {'total_loss': 0.28176089216555866, 'invariant_loss': 0.11264888417659974, 'sigreg_loss': 8.07063137755102, 'triplet_loss': 0.07690214688832663, 'triplet_pos_distance': 0.026356567913780406, 'triplet_neg_distance': 1.9427658076189003}
Updated run summary at plots/run-lejepa-trip-part-prob-aug-fracb-augb-4n/summary.json

Epoch [89/100]
Learning rate: 4.4184044e-05
Collecting background train latents...
Collecting background validation latents...
Collecting signal latents...
Background train latents: (99979, 128)
Background val latents: (24995, 128)
Signal latents: (4064, 128)
Mahalanobis metrics saved to plots/run-lejepa-trip-part-prob-aug-fracb-augb-4n/mahalanobis_eval/epoch_0089/mahalanobis_metrics.json
Mahalanobis AUC, QCD train vs WJet: 0.634587
Mahalanobis AUC, QCD val vs WJet: 0.636626
Mahalanobis AUC, QCD train vs WJet: 0.634587
Mahalanobis AUC, QCD val vs WJet: 0.636626
Epoch 89 train losses: {'total_loss': 0.31373622190312045, 'invariant_loss': 0.16294935050294224, 'sigreg_loss': 7.172914002557545, 'triplet_loss': 0.07319597329210747, 'triplet_pos_distance': 0.04954233155359545, 'triplet_neg_distance': 2.09693006283182}
Epoch 89 val losses: {'total_loss': 0.2804662113134958, 'invariant_loss': 0.10962962716513751, 'sigreg_loss': 8.139668367346939, 'triplet_loss': 0.0804959562588103, 'triplet_pos_distance': 0.025451513192597395, 'triplet_neg_distance': 1.9106498384962276}
Updated run summary at plots/run-lejepa-trip-part-prob-aug-fracb-augb-4n/summary.json

Epoch [90/100]
Learning rate: 3.7371665e-05
Collecting background train latents...
Collecting background validation latents...
Collecting signal latents...
Background train latents: (99979, 128)
Background val latents: (24995, 128)
Signal latents: (4064, 128)
Mahalanobis metrics saved to plots/run-lejepa-trip-part-prob-aug-fracb-augb-4n/mahalanobis_eval/epoch_0090/mahalanobis_metrics.json
Mahalanobis AUC, QCD train vs WJet: 0.632886
Mahalanobis AUC, QCD val vs WJet: 0.634545
Mahalanobis AUC, QCD train vs WJet: 0.632886
Mahalanobis AUC, QCD val vs WJet: 0.634545
Epoch 90 train losses: {'total_loss': 0.31408872167625085, 'invariant_loss': 0.16361445946919034, 'sigreg_loss': 7.153832320971867, 'triplet_loss': 0.07397862115536658, 'triplet_pos_distance': 0.0503311928723703, 'triplet_neg_distance': 2.0868374164147143}
Epoch 90 val losses: {'total_loss': 0.2824677311036052, 'invariant_loss': 0.11222788942407588, 'sigreg_loss': 8.114795918367347, 'triplet_loss': 0.07973519878043812, 'triplet_pos_distance': 0.026169883001747787, 'triplet_neg_distance': 1.9150137992537752}
Updated run summary at plots/run-lejepa-trip-part-prob-aug-fracb-augb-4n/summary.json

Epoch [91/100]
Learning rate: 3.1123536e-05
Collecting background train latents...
Collecting background validation latents...
Collecting signal latents...
Background train latents: (99979, 128)
Background val latents: (24995, 128)
Signal latents: (4064, 128)
Mahalanobis metrics saved to plots/run-lejepa-trip-part-prob-aug-fracb-augb-4n/mahalanobis_eval/epoch_0091/mahalanobis_metrics.json
Mahalanobis AUC, QCD train vs WJet: 0.633060
Mahalanobis AUC, QCD val vs WJet: 0.634610
Mahalanobis AUC, QCD train vs WJet: 0.633060
Mahalanobis AUC, QCD val vs WJet: 0.634610
Epoch 91 train losses: {'total_loss': 0.3142387511403969, 'invariant_loss': 0.16329439986697245, 'sigreg_loss': 7.178928228900256, 'triplet_loss': 0.07350947398244573, 'triplet_pos_distance': 0.049742668521735825, 'triplet_neg_distance': 2.0907352363971796}
Epoch 91 val losses: {'total_loss': 0.2817893197037736, 'invariant_loss': 0.11127512096142282, 'sigreg_loss': 8.134725765306122, 'triplet_loss': 0.07854262539850813, 'triplet_pos_distance': 0.025557030819128364, 'triplet_neg_distance': 1.9259672979919278}
Updated run summary at plots/run-lejepa-trip-part-prob-aug-fracb-augb-4n/summary.json

Epoch [92/100]
Learning rate: 2.544727e-05
Collecting background train latents...
Collecting background validation latents...
Collecting signal latents...
Background train latents: (99979, 128)
Background val latents: (24995, 128)
Signal latents: (4064, 128)
Mahalanobis metrics saved to plots/run-lejepa-trip-part-prob-aug-fracb-augb-4n/mahalanobis_eval/epoch_0092/mahalanobis_metrics.json
Mahalanobis AUC, QCD train vs WJet: 0.631602
Mahalanobis AUC, QCD val vs WJet: 0.633161
Mahalanobis AUC, QCD train vs WJet: 0.631602
Mahalanobis AUC, QCD val vs WJet: 0.633161
Epoch 92 train losses: {'total_loss': 0.3135980039911197, 'invariant_loss': 0.16340287061184264, 'sigreg_loss': 7.144221547314578, 'triplet_loss': 0.0730043494611826, 'triplet_pos_distance': 0.049667375474272635, 'triplet_neg_distance': 2.097658056737212}
Epoch 92 val losses: {'total_loss': 0.2813665366598538, 'invariant_loss': 0.11274460999637234, 'sigreg_loss': 8.041135204081632, 'triplet_loss': 0.07780590041407517, 'triplet_pos_distance': 0.026345449756374772, 'triplet_neg_distance': 1.9319490918091364}
Updated run summary at plots/run-lejepa-trip-part-prob-aug-fracb-augb-4n/summary.json

Epoch [93/100]
Learning rate: 2.0349783e-05
Collecting background train latents...
Collecting background validation latents...
Collecting signal latents...
Background train latents: (99979, 128)
Background val latents: (24995, 128)
Signal latents: (4064, 128)
Mahalanobis metrics saved to plots/run-lejepa-trip-part-prob-aug-fracb-augb-4n/mahalanobis_eval/epoch_0093/mahalanobis_metrics.json
Mahalanobis AUC, QCD train vs WJet: 0.628352
Mahalanobis AUC, QCD val vs WJet: 0.629935
Mahalanobis AUC, QCD train vs WJet: 0.628352
Mahalanobis AUC, QCD val vs WJet: 0.629935
Epoch 93 train losses: {'total_loss': 0.3142008316295836, 'invariant_loss': 0.1636662248645902, 'sigreg_loss': 7.1599864130434785, 'triplet_loss': 0.07337697212348508, 'triplet_pos_distance': 0.0500786270031615, 'triplet_neg_distance': 2.099893938245066}
Epoch 93 val losses: {'total_loss': 0.2810054113518219, 'invariant_loss': 0.11164016793577039, 'sigreg_loss': 8.086894132653061, 'triplet_loss': 0.07577238931339614, 'triplet_pos_distance': 0.0260648881085217, 'triplet_neg_distance': 1.9415178037419611}
Updated run summary at plots/run-lejepa-trip-part-prob-aug-fracb-augb-4n/summary.json

Epoch [94/100]
Learning rate: 1.5837285e-05
Collecting background train latents...
Collecting background validation latents...
Collecting signal latents...
Background train latents: (99979, 128)
Background val latents: (24995, 128)
Signal latents: (4064, 128)
Mahalanobis metrics saved to plots/run-lejepa-trip-part-prob-aug-fracb-augb-4n/mahalanobis_eval/epoch_0094/mahalanobis_metrics.json
Mahalanobis AUC, QCD train vs WJet: 0.631468
Mahalanobis AUC, QCD val vs WJet: 0.633239
Mahalanobis AUC, QCD train vs WJet: 0.631468
Mahalanobis AUC, QCD val vs WJet: 0.633239
Epoch 94 train losses: {'total_loss': 0.3142639323497367, 'invariant_loss': 0.163704416636006, 'sigreg_loss': 7.163163363171355, 'triplet_loss': 0.0729766926963997, 'triplet_pos_distance': 0.0501552566676341, 'triplet_neg_distance': 2.1020617128333168}
Epoch 94 val losses: {'total_loss': 0.2803196997514793, 'invariant_loss': 0.11161747388541698, 'sigreg_loss': 8.053252551020408, 'triplet_loss': 0.07626711873679745, 'triplet_pos_distance': 0.026215617792034636, 'triplet_neg_distance': 1.9422713147134196}
Updated run summary at plots/run-lejepa-trip-part-prob-aug-fracb-augb-4n/summary.json

Epoch [95/100]
Learning rate: 1.1915273e-05
Collecting background train latents...
Collecting background validation latents...
Collecting signal latents...
Background train latents: (99979, 128)
Background val latents: (24995, 128)
Signal latents: (4064, 128)
Mahalanobis metrics saved to plots/run-lejepa-trip-part-prob-aug-fracb-augb-4n/mahalanobis_eval/epoch_0095/mahalanobis_metrics.json
Mahalanobis AUC, QCD train vs WJet: 0.630506
Mahalanobis AUC, QCD val vs WJet: 0.632183
Mahalanobis AUC, QCD train vs WJet: 0.630506
Mahalanobis AUC, QCD val vs WJet: 0.632183
Epoch 95 train losses: {'total_loss': 0.3126956260455844, 'invariant_loss': 0.16324737894794214, 'sigreg_loss': 7.106897378516624, 'triplet_loss': 0.07315317018295797, 'triplet_pos_distance': 0.049976083466692654, 'triplet_neg_distance': 2.104127747933273}
Epoch 95 val losses: {'total_loss': 0.2798964112084739, 'invariant_loss': 0.11173566377588681, 'sigreg_loss': 8.03093112244898, 'triplet_loss': 0.07523690004433904, 'triplet_pos_distance': 0.025982493116539353, 'triplet_neg_distance': 1.947370090654918}
Updated run summary at plots/run-lejepa-trip-part-prob-aug-fracb-augb-4n/summary.json

Epoch [96/100]
Learning rate: 8.5885274e-06
Collecting background train latents...
Collecting background validation latents...
Collecting signal latents...
Background train latents: (99979, 128)
Background val latents: (24995, 128)
Signal latents: (4064, 128)
Mahalanobis metrics saved to plots/run-lejepa-trip-part-prob-aug-fracb-augb-4n/mahalanobis_eval/epoch_0096/mahalanobis_metrics.json
Mahalanobis AUC, QCD train vs WJet: 0.631917
Mahalanobis AUC, QCD val vs WJet: 0.633658
Mahalanobis AUC, QCD train vs WJet: 0.631917
Mahalanobis AUC, QCD val vs WJet: 0.633658
Epoch 96 train losses: {'total_loss': 0.3134221698507628, 'invariant_loss': 0.1632395641463797, 'sigreg_loss': 7.145420396419437, 'triplet_loss': 0.07259183841497849, 'triplet_pos_distance': 0.049961528114383785, 'triplet_neg_distance': 2.1129712159066556}
Epoch 96 val losses: {'total_loss': 0.27994536730099695, 'invariant_loss': 0.11285675986080754, 'sigreg_loss': 7.96061862244898, 'triplet_loss': 0.07851623285713853, 'triplet_pos_distance': 0.026081192972404615, 'triplet_neg_distance': 1.939717220408576}
Updated run summary at plots/run-lejepa-trip-part-prob-aug-fracb-augb-4n/summary.json

Epoch [97/100]
Learning rate: 5.8610997e-06
Collecting background train latents...
Collecting background validation latents...
Collecting signal latents...
Background train latents: (99979, 128)
Background val latents: (24995, 128)
Signal latents: (4064, 128)
Mahalanobis metrics saved to plots/run-lejepa-trip-part-prob-aug-fracb-augb-4n/mahalanobis_eval/epoch_0097/mahalanobis_metrics.json
Mahalanobis AUC, QCD train vs WJet: 0.631165
Mahalanobis AUC, QCD val vs WJet: 0.632989
Mahalanobis AUC, QCD train vs WJet: 0.631165
Mahalanobis AUC, QCD val vs WJet: 0.632989
Epoch 97 train losses: {'total_loss': 0.3146039088211401, 'invariant_loss': 0.1637760577604289, 'sigreg_loss': 7.1760509910485935, 'triplet_loss': 0.07296888433072878, 'triplet_pos_distance': 0.04977727336499392, 'triplet_neg_distance': 2.1117914855632636}
Epoch 97 val losses: {'total_loss': 0.2794500590891254, 'invariant_loss': 0.11207775277446727, 'sigreg_loss': 7.982461734693878, 'triplet_loss': 0.07731740368644194, 'triplet_pos_distance': 0.025921561698220213, 'triplet_neg_distance': 1.9475300695214952}
Updated run summary at plots/run-lejepa-trip-part-prob-aug-fracb-augb-4n/summary.json

Epoch [98/100]
Learning rate: 3.7363133e-06
Collecting background train latents...
Collecting background validation latents...
Collecting signal latents...
Background train latents: (99979, 128)
Background val latents: (24995, 128)
Signal latents: (4064, 128)
Mahalanobis metrics saved to plots/run-lejepa-trip-part-prob-aug-fracb-augb-4n/mahalanobis_eval/epoch_0098/mahalanobis_metrics.json
Mahalanobis AUC, QCD train vs WJet: 0.630134
Mahalanobis AUC, QCD val vs WJet: 0.631923
Mahalanobis AUC, QCD train vs WJet: 0.630134
Mahalanobis AUC, QCD val vs WJet: 0.631923
Epoch 98 train losses: {'total_loss': 0.31320211234147594, 'invariant_loss': 0.1634420444974509, 'sigreg_loss': 7.123801150895141, 'triplet_loss': 0.07284341173251267, 'triplet_pos_distance': 0.04943885537974365, 'triplet_neg_distance': 2.1102180398638595}
Epoch 98 val losses: {'total_loss': 0.2789494947207217, 'invariant_loss': 0.11222584287122804, 'sigreg_loss': 7.9604591836734695, 'triplet_loss': 0.07486666427279005, 'triplet_pos_distance': 0.026090053119221513, 'triplet_neg_distance': 1.9557162766553917}
Updated run summary at plots/run-lejepa-trip-part-prob-aug-fracb-augb-4n/summary.json

Epoch [99/100]
Learning rate: 2.2167569e-06
Collecting background train latents...
Collecting background validation latents...
Collecting signal latents...
Background train latents: (99979, 128)
Background val latents: (24995, 128)
Signal latents: (4064, 128)
Mahalanobis metrics saved to plots/run-lejepa-trip-part-prob-aug-fracb-augb-4n/mahalanobis_eval/epoch_0099/mahalanobis_metrics.json
Mahalanobis AUC, QCD train vs WJet: 0.630757
Mahalanobis AUC, QCD val vs WJet: 0.632557
Mahalanobis AUC, QCD train vs WJet: 0.630757
Mahalanobis AUC, QCD val vs WJet: 0.632557
Epoch 99 train losses: {'total_loss': 0.3128551282465001, 'invariant_loss': 0.16287952164173736, 'sigreg_loss': 7.1367087595907925, 'triplet_loss': 0.07252617470462762, 'triplet_pos_distance': 0.04978257889294868, 'triplet_neg_distance': 2.1122393077596677}
Epoch 99 val losses: {'total_loss': 0.2798912502369102, 'invariant_loss': 0.11234646024448532, 'sigreg_loss': 7.994419642857143, 'triplet_loss': 0.07689980561940038, 'triplet_pos_distance': 0.026721196059061557, 'triplet_neg_distance': 1.948551523442171}
Updated run summary at plots/run-lejepa-trip-part-prob-aug-fracb-augb-4n/summary.json

Epoch [100/100]
Learning rate: 1.3042819e-06
Saved new best model to plots/run-lejepa-trip-part-prob-aug-fracb-augb-4n/best_model.pth
Collecting background train latents...
Collecting background validation latents...
Collecting signal latents...
Background train latents: (99979, 128)
Background val latents: (24995, 128)
Signal latents: (4064, 128)
Mahalanobis metrics saved to plots/run-lejepa-trip-part-prob-aug-fracb-augb-4n/mahalanobis_eval/epoch_0100/mahalanobis_metrics.json
Mahalanobis AUC, QCD train vs WJet: 0.630316
Mahalanobis AUC, QCD val vs WJet: 0.632093
Mahalanobis AUC, QCD train vs WJet: 0.630316
Mahalanobis AUC, QCD val vs WJet: 0.632093
Epoch 100 train losses: {'total_loss': 0.31281896004134124, 'invariant_loss': 0.1636986710378886, 'sigreg_loss': 7.094669117647059, 'triplet_loss': 0.07230249491741743, 'triplet_pos_distance': 0.05009221754339345, 'triplet_neg_distance': 2.1110299600054847}
Epoch 100 val losses: {'total_loss': 0.27861640184205405, 'invariant_loss': 0.11165817104736153, 'sigreg_loss': 7.967155612244898, 'triplet_loss': 0.07636544479019179, 'triplet_pos_distance': 0.02591126392196332, 'triplet_neg_distance': 1.951650976526494}
Updated run summary at plots/run-lejepa-trip-part-prob-aug-fracb-augb-4n/summary.json
Collecting background train latents...
Collecting background validation latents...
Collecting signal latents...
Background train latents: (99979, 128)
Background val latents: (24995, 128)
Signal latents: (4064, 128)
Saved run summary to plots/run-lejepa-trip-part-prob-aug-fracb-augb-4n/summary.json
Saved loss history to plots/run-lejepa-trip-part-prob-aug-fracb-augb-4n/loss_history.json
